,Node_one,Node_two,Edge_type,Timestamp
0,0,1,0,1
1,2,3,0,1
2,4,5,1,1
3,2,6,2,1
4,7,8,3,1
5,9,10,4,1
6,11,8,3,1
7,12,13,4,1
8,14,15,5,1
9,16,17,2,1
10,15,18,4,1
11,19,20,4,1
12,21,11,3,1
13,22,23,5,1
14,24,25,4,1
15,14,8,2,1
16,8,14,2,1
17,26,27,6,1
18,28,26,6,1
19,26,27,0,1
20,29,30,4,1
21,31,32,2,1
22,33,34,6,1
23,35,36,2,1
24,35,36,5,1
25,37,38,2,1
26,39,40,5,1
27,41,42,6,1
28,39,40,6,1
29,29,43,0,1
30,44,45,0,1
31,46,47,2,1
32,48,49,4,1
33,31,50,3,1
34,51,8,4,1
35,52,53,4,1
36,47,54,0,1
37,55,8,5,1
38,56,9,4,1
39,57,58,4,1
40,59,60,4,1
41,61,62,7,1
42,63,2,8,1
43,7,8,5,1
44,64,65,9,1
45,66,2,5,1
46,67,68,0,1
47,69,70,0,1
48,70,69,6,1
49,71,52,3,1
50,72,35,4,1
51,73,74,4,1
52,75,76,0,1
53,77,78,4,1
54,79,80,8,1
55,81,82,4,1
56,83,84,2,1
57,85,86,0,1
58,2,87,5,1
59,87,2,5,1
60,88,89,0,1
61,90,91,1,1
62,92,93,0,1
63,30,94,2,1
64,95,96,2,1
65,97,98,0,1
66,86,99,3,1
67,100,101,0,1
68,102,100,0,1
69,86,99,4,1
70,46,8,2,1
71,103,104,2,1
72,105,106,4,1
73,103,104,4,1
74,107,108,3,1
75,109,8,4,1
76,8,46,4,1
77,108,50,3,1
78,70,51,4,1
79,110,25,4,1
80,74,111,5,1
81,112,113,4,1
82,114,115,3,1
83,85,116,3,1
84,117,118,5,1
85,119,120,2,1
86,121,122,10,1
87,121,122,2,1
88,85,7,3,1
89,123,124,8,1
90,125,126,8,1
91,127,128,0,1
92,129,102,2,1
93,130,8,2,1
94,130,8,6,1
95,117,118,0,1
96,7,95,2,1
97,95,7,2,1
98,7,95,0,1
99,30,7,2,1
100,30,7,3,1
101,7,131,5,1
102,3,15,7,1
103,3,15,5,1
104,50,132,4,1
105,133,103,4,1
106,134,135,4,1
107,7,11,4,1
108,3,2,4,1
109,136,137,4,1
110,136,137,6,1
111,138,7,5,1
112,138,7,6,1
113,7,138,4,1
114,7,138,6,1
115,138,7,4,1
116,139,140,6,1
117,141,142,0,1
118,141,142,5,1
119,60,1,0,1
120,60,1,5,1
121,143,144,5,1
122,34,145,5,1
123,146,147,3,1
124,148,149,11,1
125,148,149,5,1
126,150,151,2,1
127,150,151,6,1
128,152,124,8,1
129,152,124,12,1
130,131,7,9,1
131,131,7,12,1
132,153,154,5,1
133,155,8,6,1
134,156,157,10,1
135,158,159,5,1
136,158,159,0,1
137,7,131,7,1
138,131,7,7,1
139,7,131,4,1
140,7,131,11,1
141,7,131,12,1
142,7,131,2,1
143,160,85,2,1
144,161,162,5,1
145,133,163,2,1
146,164,165,4,1
147,166,167,9,1
148,133,163,0,1
149,158,108,0,1
150,163,168,2,1
151,169,164,5,1
152,170,78,5,1
153,171,172,2,1
154,173,174,9,1
155,174,173,2,1
156,30,8,2,1
157,30,8,3,1
158,109,8,3,1
159,131,7,6,1
160,175,176,3,1
161,177,108,3,1
162,178,7,3,1
163,178,7,6,1
164,8,109,3,1
165,131,7,3,1
166,179,79,8,1
167,180,181,6,1
168,158,182,12,1
169,158,182,1,1
170,183,184,4,1
171,133,103,3,1
172,185,186,3,1
173,185,186,12,1
174,8,109,10,1
175,185,186,5,1
176,182,158,6,1
177,187,188,5,1
178,164,189,4,1
179,131,7,13,1
180,190,191,0,1
181,9,192,4,1
182,159,158,2,1
183,159,158,0,1
184,46,193,9,1
185,194,195,0,1
186,30,8,6,1
187,8,51,3,1
188,196,8,4,1
189,190,197,5,1
190,198,199,3,1
191,200,110,3,1
192,85,201,5,1
193,202,203,6,1
194,202,203,5,1
195,204,79,6,1
196,204,79,2,1
197,205,206,6,1
198,205,206,2,1
199,207,208,5,1
200,207,208,6,1
201,148,209,0,1
202,148,209,5,1
203,210,211,4,1
204,158,159,4,1
205,212,213,0,1
206,214,215,0,1
207,30,216,0,1
208,30,214,2,1
209,30,216,5,1
210,191,217,5,1
211,218,219,4,1
212,20,166,4,1
213,20,19,9,1
214,220,221,12,1
215,222,223,6,1
216,220,221,6,1
217,3,15,6,1
218,15,3,6,1
219,158,224,2,1
220,40,225,5,1
221,40,225,2,1
222,226,227,0,1
223,226,227,9,1
224,88,228,4,1
225,88,228,11,1
226,229,230,0,1
227,229,230,4,1
228,231,212,0,1
229,232,112,3,1
230,8,233,0,1
231,234,2,6,1
232,235,236,6,1
233,230,237,8,1
234,30,238,0,1
235,239,191,5,1
236,191,239,5,1
237,236,235,3,1
238,236,235,6,1
239,240,241,4,1
240,109,51,4,1
241,242,111,3,1
242,242,111,5,1
243,243,7,5,1
244,110,24,3,1
245,243,7,9,1
246,244,245,4,1
247,24,110,3,1
248,246,247,4,1
249,248,249,5,1
250,248,249,9,1
251,250,251,6,1
252,250,251,5,1
253,217,30,4,1
254,252,253,5,1
255,252,253,6,1
256,254,255,0,1
257,255,254,5,1
258,256,257,2,1
259,258,158,1,1
260,259,260,0,1
261,259,260,2,1
262,30,261,0,1
263,98,158,0,1
264,30,3,0,1
265,30,262,2,1
266,30,3,5,1
267,263,1,0,1
268,30,3,2,1
269,170,264,3,1
270,110,242,3,1
271,265,224,0,1
272,265,224,5,1
273,218,191,4,1
274,266,267,4,1
275,2,3,3,1
276,31,268,3,1
277,110,269,3,1
278,270,271,2,1
279,79,272,5,1
280,272,79,4,1
281,272,79,5,1
282,2,273,4,1
283,21,217,5,1
284,21,217,4,1
285,274,275,5,1
286,275,274,5,1
287,148,276,6,1
288,120,277,0,1
289,99,278,6,1
290,278,99,6,1
291,85,279,0,1
292,208,156,6,1
293,208,156,2,1
294,156,208,6,1
295,280,281,0,1
296,263,279,0,1
297,30,85,3,1
298,282,283,0,1
299,154,263,2,1
300,284,285,5,1
301,286,287,0,1
302,288,289,0,1
303,288,289,5,1
304,286,287,12,1
305,290,291,2,1
306,85,158,3,1
307,158,98,0,1
308,292,293,0,1
309,294,30,0,1
310,46,98,2,1
311,295,286,3,1
312,85,296,6,1
313,297,3,6,1
314,3,297,6,1
315,3,297,4,1
316,298,299,4,1
317,298,300,4,1
318,301,302,4,1
319,303,304,4,1
320,305,306,6,1
321,95,307,6,1
322,8,109,4,1
323,95,307,5,1
324,308,175,4,1
325,175,158,2,1
326,185,309,9,1
327,185,309,12,1
328,310,311,5,1
329,310,311,6,1
330,2,312,11,1
331,2,312,5,1
332,50,313,10,1
333,314,107,2,1
334,314,107,10,1
335,8,12,8,1
336,8,12,6,1
337,33,34,9,1
338,315,8,4,1
339,168,133,4,1
340,163,168,0,1
341,315,8,6,1
342,85,296,4,1
343,85,296,0,1
344,316,279,3,1
345,85,263,3,1
346,85,263,4,1
347,163,168,4,1
348,163,168,3,1
349,287,317,0,1
350,318,319,0,1
351,320,321,2,1
352,320,321,0,1
353,322,323,4,1
354,268,132,4,1
355,324,46,2,1
356,325,326,0,1
357,327,7,8,1
358,327,7,5,1
359,328,70,0,1
360,329,330,4,1
361,258,331,2,1
362,2,258,3,1
363,258,331,8,1
364,332,102,2,1
365,83,235,6,1
366,83,235,2,1
367,333,334,2,1
368,335,26,0,1
369,335,26,6,1
370,336,89,3,1
371,46,337,0,1
372,25,107,0,1
373,338,339,2,1
374,338,339,3,1
375,46,340,2,1
376,30,341,4,1
377,342,343,4,1
378,342,344,4,1
379,342,240,4,1
380,345,11,3,1
381,175,176,4,1
382,346,347,3,1
383,300,298,4,1
384,145,12,4,1
385,176,175,9,1
386,176,175,4,1
387,348,349,4,1
388,85,9,0,1
389,250,95,5,1
390,250,95,0,1
391,350,33,0,1
392,273,135,5,1
393,273,135,0,1
394,351,352,0,1
395,353,354,3,1
396,353,354,6,1
397,46,355,2,1
398,356,357,6,1
399,307,277,2,1
400,307,277,6,1
401,30,266,2,1
402,1,7,5,1
403,1,7,2,1
404,358,359,4,1
405,360,91,4,1
406,361,362,4,1
407,25,242,4,1
408,107,50,0,1
409,39,363,2,1
410,39,363,6,1
411,39,363,5,1
412,99,182,2,1
413,14,364,7,1
414,14,364,5,1
415,80,365,2,1
416,80,365,7,1
417,8,7,0,1
418,21,366,6,1
419,21,366,1,1
420,367,368,1,1
421,369,370,3,1
422,86,371,4,1
423,99,111,0,1
424,372,373,0,1
425,374,375,2,1
426,250,7,3,1
427,30,376,2,1
428,30,376,5,1
429,199,303,3,1
430,377,378,0,1
431,258,379,2,1
432,380,381,4,1
433,26,109,4,1
434,382,137,4,1
435,383,304,5,1
436,85,296,7,1
437,384,385,2,1
438,386,277,2,1
439,387,151,0,1
440,388,389,2,1
441,99,371,0,1
442,341,7,0,1
443,341,7,5,1
444,341,7,6,1
445,14,191,0,1
446,98,390,0,1
447,388,389,5,1
448,391,392,9,1
449,393,296,10,1
450,393,296,0,1
451,394,395,2,1
452,396,397,0,1
453,30,134,0,1
454,111,208,0,1
455,46,296,2,1
456,282,8,2,1
457,398,399,5,1
458,398,399,0,1
459,400,401,2,1
460,12,400,4,1
461,19,20,3,1
462,111,208,4,1
463,402,403,0,1
464,404,405,7,1
465,11,111,4,1
466,406,407,6,1
467,406,407,12,1
468,408,274,12,1
469,101,409,6,1
470,410,411,10,1
471,412,379,10,1
472,412,379,9,1
473,11,413,4,1
474,414,80,9,1
475,415,416,7,1
476,21,11,4,1
477,417,214,4,1
478,12,11,0,1
479,418,214,0,1
480,419,21,0,1
481,1,20,2,1
482,420,421,5,1
483,19,52,1,1
484,7,39,4,1
485,7,39,5,1
486,95,20,2,1
487,394,395,10,1
488,422,250,12,1
489,422,250,2,1
490,46,12,2,1
491,423,120,1,1
492,424,425,5,1
493,81,426,1,1
494,427,428,1,1
495,427,428,0,1
496,429,430,0,1
497,316,7,5,1
498,120,431,0,1
499,298,191,5,1
500,120,432,5,1
501,266,433,0,1
502,135,351,0,1
503,247,246,0,1
504,266,433,5,1
505,434,19,2,1
506,253,283,9,1
507,283,253,0,1
508,30,20,0,1
509,435,109,6,1
510,268,132,3,1
511,247,345,4,1
512,436,354,4,1
513,437,438,6,1
514,195,292,2,1
515,439,440,0,1
516,441,442,4,1
517,34,443,4,1
518,420,101,4,1
519,444,445,1,1
520,444,445,4,1
521,1,46,10,1
522,446,447,12,1
523,446,447,10,1
524,446,447,2,1
525,448,449,5,1
526,448,449,2,1
527,448,449,12,1
528,2,3,5,1
529,1,135,5,1
530,1,135,0,1
531,279,129,3,1
532,194,20,4,1
533,450,11,3,1
534,432,364,5,1
535,451,165,2,1
536,452,453,0,1
537,46,393,2,1
538,46,327,2,1
539,41,42,5,1
540,101,420,4,1
541,219,175,6,1
542,219,175,4,1
543,41,42,2,1
544,454,455,0,1
545,175,176,12,1
546,244,456,4,1
547,219,218,0,1
548,219,218,4,1
549,457,303,4,1
550,146,5,10,1
551,79,80,4,1
552,79,80,10,1
553,219,218,2,1
554,30,217,0,1
555,458,459,2,1
556,448,449,1,1
557,460,461,10,1
558,121,122,12,1
559,8,7,5,1
560,27,78,4,1
561,393,30,0,1
562,383,427,0,1
563,446,447,11,1
564,30,1,5,1
565,462,250,2,1
566,463,464,4,1
567,191,166,0,1
568,191,166,5,1
569,1,30,4,1
570,46,92,9,1
571,46,92,2,1
572,12,69,2,1
573,465,442,0,1
574,465,442,9,1
575,466,467,6,1
576,468,3,6,1
577,99,292,3,1
578,469,217,4,1
579,469,217,2,1
580,469,217,6,1
581,470,471,4,1
582,472,473,8,1
583,474,475,5,1
584,474,475,8,1
585,190,197,9,1
586,476,208,3,1
587,247,20,4,1
588,219,217,6,1
589,476,208,9,1
590,477,478,9,1
591,479,8,6,1
592,479,8,10,1
593,116,480,6,1
594,116,480,10,1
595,481,482,6,1
596,59,224,0,1
597,483,484,5,1
598,483,484,8,1
599,268,393,0,1
600,379,217,5,1
601,60,485,0,1
602,292,99,0,1
603,99,292,2,1
604,272,79,9,1
605,486,272,2,1
606,107,487,0,1
607,268,393,2,1
608,8,401,2,1
609,7,99,0,1
610,111,488,5,1
611,111,488,2,1
612,488,111,2,1
613,101,489,0,1
614,101,489,9,1
615,483,484,0,1
616,490,491,0,1
617,492,493,8,1
618,7,8,0,2
619,182,99,0,2
620,494,495,0,2
621,442,496,5,2
622,442,496,0,2
623,400,208,5,2
624,400,208,3,2
625,420,195,4,2
626,298,300,4,2
627,268,497,4,2
628,29,79,3,2
629,498,499,3,2
630,247,246,5,2
631,500,501,6,2
632,501,7,6,2
633,502,393,5,2
634,500,501,5,2
635,420,101,4,2
636,8,51,4,2
637,92,8,8,2
638,166,86,4,2
639,34,443,4,2
640,51,8,4,2
641,503,282,7,2
642,503,282,5,2
643,504,91,7,2
644,504,91,5,2
645,505,506,5,2
646,505,506,2,2
647,7,39,0,2
648,7,39,2,2
649,92,93,2,2
650,46,92,0,2
651,46,182,2,2
652,46,98,2,2
653,46,98,0,2
654,30,8,0,2
655,30,8,3,2
656,507,503,6,2
657,30,8,2,2
658,107,497,3,2
659,508,509,5,2
660,508,509,6,2
661,190,197,2,2
662,236,253,4,2
663,236,253,6,2
664,91,360,4,2
665,91,360,12,2
666,510,363,7,2
667,510,363,11,2
668,510,363,12,2
669,511,7,5,2
670,511,7,11,2
671,512,513,0,2
672,514,515,1,2
673,515,514,1,2
674,330,69,4,2
675,516,517,5,2
676,11,518,12,2
677,519,195,2,2
678,330,69,0,2
679,520,453,5,2
680,521,522,6,2
681,521,522,9,2
682,521,522,10,2
683,191,298,4,2
684,13,12,4,2
685,111,208,5,2
686,51,109,3,2
687,8,99,2,2
688,443,34,3,2
689,24,11,4,2
690,24,11,3,2
691,247,217,12,2
692,515,351,1,2
693,515,351,12,2
694,250,523,2,2
695,250,523,1,2
696,410,411,7,2
697,524,98,12,2
698,108,407,0,2
699,81,426,12,2
700,109,8,0,2
701,8,7,0,2
702,404,2,0,2
703,404,2,12,2
704,218,298,3,2
705,162,525,0,2
706,526,98,0,2
707,120,283,5,2
708,120,283,0,2
709,11,110,4,2
710,420,489,4,2
711,14,8,0,2
712,283,253,4,2
713,527,148,6,2
714,527,148,5,2
715,527,148,2,2
716,497,108,3,2
717,528,49,4,2
718,515,273,4,2
719,529,30,6,2
720,529,30,4,2
721,515,273,2,2
722,530,363,9,2
723,530,363,0,2
724,531,2,0,2
725,532,520,5,2
726,454,455,2,2
727,454,455,5,2
728,30,92,0,2
729,30,46,0,2
730,30,95,5,2
731,533,7,5,2
732,534,535,2,2
733,276,536,2,2
734,12,13,4,2
735,276,536,5,2
736,298,191,3,2
737,12,254,8,2
738,7,85,0,2
739,360,25,3,2
740,537,217,11,2
741,538,14,0,2
742,539,540,10,2
743,538,14,5,2
744,538,14,10,2
745,381,7,5,2
746,381,7,10,2
747,541,542,2,2
748,541,542,1,2
749,543,544,2,2
750,543,544,9,2
751,545,546,5,2
752,545,546,2,2
753,547,63,0,2
754,547,63,5,2
755,543,544,1,2
756,45,39,0,2
757,341,548,6,2
758,549,550,5,2
759,549,550,2,2
760,551,552,3,2
761,125,553,2,2
762,554,555,4,2
763,7,515,2,2
764,556,283,2,2
765,556,283,6,2
766,557,558,2,2
767,557,558,5,2
768,292,559,0,2
769,191,560,5,2
770,191,560,4,2
771,561,70,6,2
772,562,563,3,2
773,269,200,4,2
774,564,428,4,2
775,19,217,6,2
776,34,443,3,2
777,565,208,4,2
778,565,208,6,2
779,565,208,2,2
780,566,266,3,2
781,137,567,4,2
782,137,567,5,2
783,25,110,4,2
784,11,8,3,2
785,113,112,4,2
786,568,569,2,2
787,570,30,2,2
788,570,30,9,2
789,571,217,5,2
790,572,573,9,2
791,572,573,5,2
792,7,8,5,2
793,537,45,5,2
794,574,575,5,2
795,574,575,2,2
796,576,217,5,2
797,577,8,2,2
798,577,8,5,2
799,578,313,10,2
800,8,577,5,2
801,172,579,4,2
802,580,7,4,2
803,217,210,4,2
804,581,582,3,2
805,25,269,3,2
806,360,176,3,2
807,298,218,3,2
808,195,477,3,2
809,269,200,3,2
810,8,11,4,2
811,46,12,4,2
812,46,12,0,2
813,519,256,2,2
814,583,3,0,2
815,583,3,2,2
816,583,3,6,2
817,584,552,10,2
818,584,552,0,2
819,585,253,12,2
820,585,253,6,2
821,50,268,4,2
822,586,536,0,2
823,481,482,6,2
824,481,482,0,2
825,587,407,5,2
826,587,407,0,2
827,588,536,5,2
828,588,536,6,2
829,589,590,6,2
830,556,283,5,2
831,103,133,0,2
832,103,133,4,2
833,591,592,5,2
834,217,8,2,2
835,593,401,4,2
836,24,7,4,2
837,103,594,4,2
838,273,20,4,2
839,595,596,4,2
840,597,9,3,2
841,25,242,3,2
842,497,107,3,2
843,11,175,2,2
844,11,175,4,2
845,7,24,5,2
846,24,7,5,2
847,219,218,4,2
848,598,599,12,2
849,598,599,4,2
850,600,101,4,2
851,56,9,3,2
852,545,601,7,2
853,545,601,12,2
854,602,603,5,2
855,604,605,7,2
856,604,605,6,2
857,604,605,9,2
858,513,247,6,2
859,606,7,6,2
860,606,7,5,2
861,606,7,0,2
862,15,7,5,2
863,607,608,5,2
864,7,606,12,2
865,88,609,5,2
866,88,609,2,2
867,610,120,4,2
868,606,7,3,2
869,606,7,1,2
870,1,80,3,2
871,303,457,4,2
872,611,270,4,2
873,537,45,0,2
874,387,151,0,2
875,537,45,2,2
876,109,8,3,2
877,612,613,5,2
878,614,615,4,2
879,208,111,0,2
880,477,195,3,2
881,616,2,3,2
882,616,2,5,2
883,401,176,5,2
884,13,12,3,2
885,21,11,2,2
886,606,69,3,2
887,549,282,6,2
888,442,608,6,2
889,20,30,3,2
890,578,373,2,2
891,617,30,4,2
892,21,11,0,2
893,352,351,0,2
894,618,619,6,2
895,122,121,11,2
896,620,621,2,2
897,622,623,2,2
898,622,623,0,2
899,624,225,2,2
900,625,8,4,2
901,626,14,6,2
902,606,7,4,2
903,627,7,5,2
904,606,7,2,2
905,20,258,3,2
906,99,86,3,2
907,2,282,5,2
908,308,175,4,2
909,420,101,3,2
910,242,25,3,2
911,279,126,0,2
912,628,109,5,2
913,109,8,4,2
914,580,629,7,2
915,272,630,7,2
916,580,629,12,2
917,272,630,5,2
918,630,272,2,2
919,631,632,12,2
920,631,632,11,2
921,8,217,2,2
922,633,586,5,2
923,195,256,4,2
924,236,634,0,2
925,526,258,5,2
926,635,529,2,2
927,635,529,0,2
928,636,380,4,2
929,637,46,0,2
930,30,1,5,2
931,638,154,1,2
932,639,640,2,2
933,2,641,5,2
934,1,217,0,2
935,3,2,5,2
936,53,379,4,2
937,642,643,2,3
938,644,645,5,3
939,644,645,0,3
940,526,258,3,3
941,218,219,4,3
942,281,382,0,3
943,540,539,4,3
944,540,539,0,3
945,646,647,0,3
946,298,300,4,3
947,298,300,11,3
948,648,649,11,3
949,417,214,9,3
950,417,214,5,3
951,650,523,9,3
952,580,277,6,3
953,580,277,1,3
954,651,652,1,3
955,158,634,5,3
956,39,88,5,3
957,490,653,0,3
958,490,653,10,3
959,490,653,4,3
960,39,88,2,3
961,382,281,4,3
962,654,31,4,3
963,655,21,10,3
964,2,266,5,3
965,2,266,2,3
966,2,266,6,3
967,457,361,4,3
968,656,418,5,3
969,469,500,0,3
970,469,500,5,3
971,8,569,5,3
972,131,7,0,3
973,131,7,2,3
974,110,25,4,3
975,8,109,4,3
976,477,195,4,3
977,12,13,4,3
978,51,109,3,3
979,457,304,4,3
980,360,25,3,3
981,657,46,2,3
982,151,213,6,3
983,151,213,0,3
984,658,659,2,3
985,660,661,4,3
986,662,8,6,3
987,662,8,4,3
988,663,664,5,3
989,664,663,2,3
990,663,664,10,3
991,665,666,5,3
992,665,666,8,3
993,667,538,1,3
994,385,668,0,3
995,385,668,1,3
996,197,669,2,3
997,117,283,5,3
998,29,25,2,3
999,29,25,0,3
1000,180,407,9,3
1001,131,7,5,3
1002,33,34,9,3
1003,296,85,8,3
1004,33,34,5,3
1005,670,671,8,3
1006,113,393,2,3
1007,95,25,0,3
1008,29,25,9,3
1009,98,253,8,3
1010,98,253,2,3
1011,540,539,5,3
1012,79,80,6,3
1013,672,210,5,3
1014,672,210,2,3
1015,30,673,2,3
1016,442,674,0,3
1017,442,674,6,3
1018,79,675,4,3
1019,29,25,4,3
1020,29,25,5,3
1021,298,387,4,3
1022,109,8,4,3
1023,72,676,3,3
1024,11,200,3,3
1025,677,678,5,3
1026,677,678,6,3
1027,443,34,3,3
1028,679,680,4,3
1029,681,336,0,3
1030,336,681,6,3
1031,681,336,6,3
1032,682,85,4,3
1033,298,299,4,3
1034,111,683,5,3
1035,678,12,4,3
1036,457,304,3,3
1037,684,217,0,3
1038,684,217,2,3
1039,195,477,3,3
1040,442,649,12,3
1041,685,686,12,3
1042,687,239,0,3
1043,687,239,12,3
1044,688,689,11,3
1045,30,1,0,3
1046,690,362,9,3
1047,691,111,9,3
1048,214,417,11,3
1049,214,417,5,3
1050,2,1,2,3
1051,206,288,0,3
1052,206,288,10,3
1053,206,288,8,3
1054,692,2,10,3
1055,692,2,5,3
1056,151,231,5,3
1057,151,231,0,3
1058,210,693,2,3
1059,500,694,5,3
1060,500,694,10,3
1061,596,695,5,3
1062,596,695,9,3
1063,696,271,2,3
1064,182,158,2,3
1065,111,208,2,3
1066,696,271,10,3
1067,282,120,0,3
1068,697,698,0,3
1069,697,698,5,3
1070,699,282,0,3
1071,97,432,0,3
1072,112,700,3,3
1073,58,701,0,3
1074,30,102,2,3
1075,1,85,2,3
1076,247,354,0,3
1077,702,703,2,3
1078,3,2,2,3
1079,30,85,2,3
1080,600,56,6,3
1081,52,85,4,3
1082,218,300,4,3
1083,644,3,4,3
1084,300,298,4,3
1085,29,80,2,3
1086,13,12,3,3
1087,25,242,3,3
1088,12,13,3,3
1089,25,704,3,3
1090,219,218,3,3
1091,8,11,3,3
1092,489,101,3,3
1093,85,296,4,3
1094,705,30,2,3
1095,298,300,3,3
1096,34,443,3,3
1097,595,706,3,3
1098,32,193,5,3
1099,32,193,2,3
1100,193,32,0,3
1101,707,363,6,3
1102,299,298,3,3
1103,296,52,11,3
1104,270,271,6,3
1105,457,69,4,3
1106,30,12,0,3
1107,85,296,2,3
1108,708,709,7,3
1109,710,711,12,3
1110,710,711,5,3
1111,296,52,4,3
1112,712,54,5,3
1113,7,39,4,3
1114,217,53,0,3
1115,713,714,2,3
1116,190,197,5,3
1117,711,710,7,3
1118,190,197,4,3
1119,715,599,4,3
1120,190,197,11,3
1121,108,497,3,3
1122,219,298,4,3
1123,599,716,4,3
1124,190,197,2,3
1125,82,646,9,3
1126,717,6,5,3
1127,718,251,9,3
1128,717,6,12,3
1129,718,251,5,3
1130,457,303,4,3
1131,719,304,9,3
1132,549,720,5,3
1133,85,99,8,3
1134,721,111,9,3
1135,721,111,2,3
1136,722,217,10,3
1137,723,445,5,3
1138,462,250,10,3
1139,219,6,9,3
1140,219,6,5,3
1141,83,277,1,3
1142,83,277,0,3
1143,120,282,5,3
1144,120,282,0,3
1145,117,118,2,3
1146,304,303,4,3
1147,724,725,4,3
1148,7,11,2,3
1149,7,11,1,3
1150,11,8,3,3
1151,497,108,3,3
1152,726,65,5,3
1153,727,3,6,3
1154,25,360,3,3
1155,489,728,3,3
1156,190,65,11,3
1157,190,65,2,3
1158,111,729,3,3
1159,432,158,4,3
1160,166,86,4,3
1161,589,590,12,3
1162,589,590,5,3
1163,211,348,12,3
1164,211,348,2,3
1165,730,537,5,3
1166,731,732,7,3
1167,731,732,5,3
1168,272,158,2,3
1169,733,734,8,3
1170,733,734,7,3
1171,735,692,11,3
1172,692,735,2,3
1173,735,692,2,3
1174,692,735,0,3
1175,159,158,4,3
1176,7,11,0,3
1177,14,26,6,3
1178,14,26,0,3
1179,138,52,5,3
1180,138,52,6,3
1181,54,58,0,3
1182,109,51,3,3
1183,679,736,4,3
1184,175,176,3,3
1185,24,36,5,3
1186,24,36,0,3
1187,219,299,3,3
1188,219,292,2,3
1189,176,175,3,3
1190,2,3,0,3
1191,108,497,4,3
1192,11,8,4,3
1193,737,128,5,3
1194,737,128,11,3
1195,738,739,12,3
1196,481,482,5,3
1197,737,128,9,3
1198,298,740,0,3
1199,741,536,11,3
1200,741,536,5,3
1201,4,523,9,3
1202,247,513,5,3
1203,742,255,5,3
1204,743,744,0,3
1205,108,407,5,3
1206,108,407,6,3
1207,108,407,3,3
1208,3,2,0,3
1209,3,2,5,3
1210,745,746,2,3
1211,108,107,3,4
1212,107,108,4,4
1213,107,108,3,4
1214,108,107,4,4
1215,7,8,0,4
1216,107,457,4,4
1217,111,457,5,4
1218,12,747,4,4
1219,457,303,3,4
1220,497,107,3,4
1221,308,175,3,4
1222,190,748,11,4
1223,190,748,5,4
1224,8,11,4,4
1225,489,101,4,4
1226,175,176,4,4
1227,749,750,2,4
1228,749,750,0,4
1229,749,750,3,4
1230,751,221,5,4
1231,752,88,9,4
1232,273,109,3,4
1233,298,300,3,4
1234,12,747,3,4
1235,564,457,5,4
1236,303,457,3,4
1237,489,420,3,4
1238,753,754,3,4
1239,25,360,3,4
1240,11,25,3,4
1241,11,8,3,4
1242,716,210,4,4
1243,755,756,4,4
1244,15,2,5,4
1245,2,15,5,4
1246,604,757,2,4
1247,758,759,3,4
1248,604,757,11,4
1249,753,471,3,4
1250,182,99,12,4
1251,182,99,1,4
1252,760,761,5,4
1253,762,763,12,4
1254,762,763,8,4
1255,764,195,0,4
1256,195,764,8,4
1257,764,195,8,4
1258,2,3,0,4
1259,2,3,5,4
1260,764,195,4,4
1261,765,766,2,4
1262,195,764,6,4
1263,64,325,7,4
1264,64,325,0,4
1265,767,768,5,4
1266,767,768,7,4
1267,767,768,12,4
1268,769,423,0,4
1269,769,423,5,4
1270,110,7,0,4
1271,770,771,0,4
1272,772,262,4,4
1273,773,85,8,4
1274,7,110,5,4
1275,279,774,0,4
1276,383,775,0,4
1277,750,776,4,4
1278,750,776,0,4
1279,257,777,5,4
1280,298,299,4,4
1281,8,109,2,4
1282,8,109,4,4
1283,778,737,4,4
1284,779,780,5,4
1285,781,417,4,4
1286,782,783,5,4
1287,420,101,3,4
1288,784,785,5,4
1289,786,80,5,4
1290,730,8,6,4
1291,730,8,5,4
1292,787,360,5,4
1293,787,360,6,4
1294,787,360,10,4
1295,80,786,5,4
1296,788,282,1,4
1297,158,86,2,4
1298,789,790,4,4
1299,462,250,2,4
1300,380,499,0,4
1301,54,330,0,4
1302,789,790,0,4
1303,362,791,2,4
1304,362,791,0,4
1305,298,218,4,4
1306,442,496,5,4
1307,792,137,3,4
1308,8,11,3,4
1309,8,109,0,4
1310,8,109,10,4
1311,8,401,6,4
1312,793,109,5,4
1313,794,425,3,4
1314,794,425,2,4
1315,794,425,10,4
1316,99,1,1,4
1317,391,351,2,4
1318,391,351,1,4
1319,320,448,2,4
1320,795,683,6,4
1321,755,92,5,4
1322,755,92,10,4
1323,796,332,0,4
1324,796,332,5,4
1325,797,798,0,4
1326,625,799,0,4
1327,19,273,4,4
1328,342,800,4,4
1329,138,52,6,4
1330,801,802,2,4
1331,198,803,5,4
1332,7,167,6,4
1333,7,167,5,4
1334,774,259,5,4
1335,774,259,0,4
1336,259,774,5,4
1337,774,259,6,4
1338,190,197,6,4
1339,366,526,0,4
1340,379,30,0,4
1341,163,103,4,4
1342,804,805,0,4
1343,108,109,0,4
1344,806,807,2,4
1345,30,682,0,4
1346,579,808,5,4
1347,342,809,4,4
1348,810,354,0,4
1349,811,812,12,4
1350,811,812,4,4
1351,813,99,3,4
1352,813,99,7,4
1353,813,99,12,4
1354,814,815,0,4
1355,655,30,9,4
1356,655,30,3,4
1357,816,817,2,4
1358,816,817,9,4
1359,279,262,2,4
1360,289,818,2,4
1361,289,818,0,4
1362,819,820,2,4
1363,821,789,4,4
1364,301,822,0,4
1365,15,11,0,4
1366,109,8,4,4
1367,110,242,4,4
1368,269,200,4,4
1369,242,25,4,4
1370,823,824,0,4
1371,823,824,4,4
1372,109,110,4,4
1373,110,109,5,4
1374,110,109,4,4
1375,92,93,5,4
1376,92,93,9,4
1377,797,8,4,4
1378,354,258,2,4
1379,825,826,3,4
1380,825,826,9,4
1381,379,92,0,4
1382,655,273,8,4
1383,655,273,3,4
1384,152,827,5,4
1385,152,827,8,4
1386,828,829,11,4
1387,722,442,5,4
1388,442,722,5,4
1389,830,383,11,4
1390,830,383,5,4
1391,563,85,0,4
1392,563,85,11,4
1393,831,414,0,4
1394,7,43,0,4
1395,563,85,2,4
1396,694,11,5,4
1397,694,11,0,4
1398,238,40,5,4
1399,238,40,2,4
1400,238,40,6,4
1401,1,722,2,4
1402,531,832,5,4
1403,531,832,2,4
1404,200,833,2,5
1405,52,296,0,5
1406,51,8,4,5
1407,12,13,4,5
1408,99,166,3,5
1409,25,242,4,5
1410,442,608,9,5
1411,623,834,11,5
1412,608,442,9,5
1413,608,442,2,5
1414,298,300,3,5
1415,692,493,5,5
1416,692,493,8,5
1417,201,835,11,5
1418,201,835,3,5
1419,836,429,2,5
1420,836,429,5,5
1421,387,213,0,5
1422,655,102,0,5
1423,46,837,0,5
1424,357,838,5,5
1425,678,839,4,5
1426,840,342,3,5
1427,841,842,4,5
1428,7,843,4,5
1429,158,12,4,5
1430,208,844,3,5
1431,208,844,9,5
1432,845,846,3,5
1433,845,846,5,5
1434,33,34,9,5
1435,33,34,5,5
1436,847,848,10,5
1437,401,250,8,5
1438,849,331,5,5
1439,688,197,11,5
1440,688,197,2,5
1441,401,250,12,5
1442,655,102,3,5
1443,220,221,9,5
1444,220,221,0,5
1445,772,850,2,5
1446,851,852,0,5
1447,851,852,2,5
1448,120,282,0,5
1449,217,7,6,5
1450,217,7,2,5
1451,217,7,0,5
1452,110,75,2,5
1453,564,791,3,5
1454,853,854,4,5
1455,25,242,3,5
1456,25,110,3,5
1457,109,7,6,5
1458,269,200,3,5
1459,855,676,4,5
1460,299,856,4,5
1461,857,523,5,5
1462,299,383,4,5
1463,858,3,5,5
1464,3,858,5,5
1465,859,860,5,5
1466,298,30,0,5
1467,99,98,2,5
1468,861,862,11,5
1469,861,862,5,5
1470,863,864,0,5
1471,641,649,2,5
1472,864,8,2,5
1473,864,8,5,5
1474,120,283,0,5
1475,865,866,4,5
1476,215,44,0,5
1477,46,98,2,5
1478,604,867,4,5
1479,864,8,0,5
1480,864,8,4,5
1481,634,868,5,5
1482,869,870,6,5
1483,634,868,0,5
1484,871,812,4,5
1485,191,557,5,5
1486,191,557,2,5
1487,162,525,11,5
1488,162,525,5,5
1489,2,3,0,5
1490,109,51,3,5
1491,457,303,4,5
1492,872,512,5,5
1493,873,700,4,5
1494,220,221,5,5
1495,874,552,7,5
1496,874,552,5,5
1497,285,875,7,5
1498,131,7,0,5
1499,448,7,0,5
1500,131,7,7,5
1501,876,385,10,5
1502,324,877,0,5
1503,878,245,0,5
1504,46,2,2,5
1505,879,880,5,5
1506,30,216,0,5
1507,879,880,0,5
1508,8,109,4,5
1509,342,840,4,5
1510,30,216,4,5
1511,881,882,4,5
1512,208,191,5,5
1513,442,465,5,5
1514,465,442,5,5
1515,881,8,4,5
1516,817,816,5,5
1517,883,884,0,5
1518,883,884,2,5
1519,884,883,2,5
1520,883,884,11,5
1521,885,886,3,5
1522,747,13,4,5
1523,855,887,3,5
1524,8,11,4,5
1525,7,8,12,5
1526,888,889,7,5
1527,888,889,3,5
1528,888,889,12,5
1529,457,111,8,5
1530,457,111,3,5
1531,320,890,8,5
1532,320,890,5,5
1533,253,8,2,5
1534,253,120,0,5
1535,208,259,0,5
1536,2,15,5,5
1537,2,15,0,5
1538,449,7,0,5
1539,7,449,0,5
1540,449,7,11,5
1541,883,891,4,5
1542,7,65,5,5
1543,7,65,2,5
1544,697,698,2,5
1545,532,520,0,5
1546,892,494,0,5
1547,324,893,8,5
1548,442,496,5,5
1549,7,12,2,5
1550,505,506,5,5
1551,505,506,0,5
1552,505,506,11,5
1553,894,595,0,5
1554,92,895,0,5
1555,30,85,2,5
1556,282,85,2,5
1557,896,95,2,5
1558,111,97,5,5
1559,7,8,4,5
1560,1,85,2,5
1561,897,898,5,5
1562,750,327,10,5
1563,750,327,5,5
1564,45,215,4,5
1565,663,664,2,5
1566,663,664,10,5
1567,46,899,2,5
1568,900,7,5,5
1569,900,7,2,5
1570,901,716,5,5
1571,382,902,5,5
1572,115,393,8,5
1573,774,903,0,5
1574,8,115,7,5
1575,904,175,2,5
1576,64,427,0,5
1577,8,120,0,5
1578,11,823,0,5
1579,109,8,4,5
1580,218,219,4,5
1581,808,692,5,5
1582,692,808,5,5
1583,905,159,2,5
1584,18,8,4,5
1585,8,656,4,5
1586,906,387,5,5
1587,8,7,3,5
1588,208,907,5,5
1589,907,208,5,5
1590,521,908,4,5
1591,268,158,8,5
1592,268,158,2,5
1593,624,909,2,5
1594,500,910,7,5
1595,7,773,0,5
1596,224,355,8,5
1597,587,407,9,5
1598,86,85,0,5
1599,86,85,7,5
1600,911,7,2,5
1601,110,135,2,5
1602,380,566,3,5
1603,107,25,4,5
1604,912,11,4,5
1605,652,393,4,5
1606,219,298,4,5
1607,913,551,3,5
1608,914,8,6,5
1609,842,342,3,5
1610,219,218,4,5
1611,882,881,3,5
1612,661,670,4,5
1613,915,7,6,5
1614,747,12,3,5
1615,327,7,2,5
1616,16,916,12,5
1617,219,299,4,5
1618,219,317,4,5
1619,189,917,3,5
1620,918,195,2,5
1621,919,128,5,5
1622,716,298,4,5
1623,920,39,5,5
1624,785,292,3,5
1625,30,92,2,5
1626,14,15,5,5
1627,7,85,13,5
1628,85,7,13,5
1629,39,920,5,5
1630,268,296,0,5
1631,1,7,2,5
1632,921,273,0,5
1633,113,922,2,5
1634,99,923,2,5
1635,85,7,0,5
1636,85,7,2,5
1637,85,99,0,5
1638,85,7,12,5
1639,924,457,3,5
1640,925,926,2,5
1641,298,219,4,5
1642,7,85,8,5
1643,387,927,4,5
1644,34,443,3,5
1645,320,146,4,5
1646,548,624,5,5
1647,418,716,6,5
1648,928,929,5,5
1649,449,298,0,5
1650,930,65,5,5
1651,377,238,9,5
1652,931,45,5,5
1653,932,933,9,5
1654,587,934,8,5
1655,932,933,2,5
1656,44,864,11,5
1657,99,935,2,5
1658,111,208,0,5
1659,30,7,0,5
1660,30,7,2,5
1661,936,937,0,5
1662,624,641,5,5
1663,12,747,4,5
1664,606,7,5,5
1665,108,407,0,5
1666,938,939,9,5
1667,465,7,6,5
1668,7,465,6,5
1669,940,8,6,5
1670,940,8,2,5
1671,7,393,4,5
1672,393,7,4,5
1673,941,327,5,5
1674,942,197,5,5
1675,570,943,7,5
1676,253,109,2,5
1677,219,6,12,5
1678,357,158,3,5
1679,30,8,2,5
1680,944,945,0,5
1681,25,65,5,5
1682,111,946,5,5
1683,317,293,2,5
1684,393,773,0,5
1685,7,292,2,6
1686,46,379,0,6
1687,247,353,2,6
1688,947,948,5,6
1689,85,296,0,6
1690,556,283,5,6
1691,8,99,3,6
1692,529,949,4,6
1693,8,109,3,6
1694,950,551,4,6
1695,91,269,3,6
1696,15,219,3,6
1697,1,296,2,6
1698,282,330,0,6
1699,951,6,5,6
1700,878,952,0,6
1701,7,246,5,6
1702,953,23,4,6
1703,268,132,3,6
1704,954,955,0,6
1705,7,393,3,6
1706,864,8,2,6
1707,7,120,2,6
1708,117,120,6,6
1709,104,956,0,6
1710,854,957,11,6
1711,854,957,6,6
1712,219,866,8,6
1713,219,866,3,6
1714,958,959,10,6
1715,854,957,2,6
1716,958,959,11,6
1717,393,960,0,6
1718,961,8,2,6
1719,962,757,4,6
1720,330,19,0,6
1721,7,85,13,6
1722,30,20,0,6
1723,7,120,3,6
1724,635,963,0,6
1725,964,965,3,6
1726,306,966,0,6
1727,296,85,0,6
1728,223,434,3,6
1729,118,120,6,6
1730,961,8,4,6
1731,11,8,4,6
1732,503,97,6,6
1733,967,968,5,6
1734,773,393,0,6
1735,400,933,2,6
1736,969,970,3,6
1737,971,8,2,6
1738,595,972,3,6
1739,91,360,3,6
1740,476,111,3,6
1741,428,737,3,6
1742,387,231,3,6
1743,8,11,2,6
1744,46,973,4,6
1745,974,975,11,6
1746,974,975,5,6
1747,6,219,5,6
1748,108,407,6,6
1749,108,407,2,6
1750,877,279,2,6
1751,976,977,5,6
1752,485,978,0,6
1753,838,979,0,6
1754,8,69,0,6
1755,30,8,10,6
1756,30,8,2,6
1757,980,529,4,6
1758,175,308,3,6
1759,457,981,4,6
1760,982,1,2,6
1761,11,8,3,6
1762,214,983,5,6
1763,738,739,12,6
1764,235,83,1,6
1765,235,83,7,6
1766,7,8,6,6
1767,7,980,4,6
1768,117,118,5,6
1769,442,253,5,6
1770,253,442,5,6
1771,253,442,6,6
1772,984,985,1,6
1773,984,985,2,6
1774,85,7,13,6
1775,85,7,0,6
1776,986,987,0,6
1777,556,283,6,6
1778,316,553,4,6
1779,393,988,2,6
1780,7,279,0,6
1781,30,7,0,6
1782,8,158,4,6
1783,219,218,4,6
1784,219,8,4,6
1785,8,11,4,6
1786,635,989,4,6
1787,104,990,0,6
1788,104,990,2,6
1789,133,792,4,6
1790,31,268,3,6
1791,991,992,4,6
1792,993,994,12,6
1793,330,995,5,6
1794,694,14,6,6
1795,8,996,5,6
1796,529,571,4,6
1797,726,128,5,6
1798,8,268,2,6
1799,357,403,12,6
1800,997,3,5,6
1801,705,30,10,6
1802,705,30,12,6
1803,923,998,2,6
1804,999,134,9,6
1805,283,442,5,6
1806,442,283,5,6
1807,283,442,6,6
1808,245,1000,11,6
1809,60,324,0,6
1810,984,985,0,6
1811,985,984,1,6
1812,529,706,3,6
1813,12,747,3,6
1814,347,346,4,6
1815,853,1001,4,6
1816,1002,1003,3,6
1817,428,564,3,6
1818,1004,980,4,6
1819,185,634,5,6
1820,25,242,3,6
1821,327,7,5,6
1822,327,7,9,6
1823,7,327,2,6
1824,530,363,8,6
1825,795,785,5,6
1826,785,795,5,6
1827,530,363,2,6
1828,219,6,7,6
1829,219,6,12,6
1830,1005,1006,7,6
1831,1005,1006,12,6
1832,625,799,0,6
1833,400,1007,2,6
1834,625,799,4,6
1835,1,485,0,6
1836,327,7,2,6
1837,97,808,5,6
1838,808,97,5,6
1839,1008,275,5,6
1840,454,455,5,6
1841,1009,1010,0,6
1842,7,341,2,6
1843,7,393,0,6
1844,434,58,4,6
1845,110,1011,0,6
1846,675,112,5,6
1847,987,993,0,6
1848,110,69,10,6
1849,112,675,5,6
1850,58,434,0,6
1851,108,107,3,6
1852,845,1012,4,6
1853,443,34,4,6
1854,99,86,4,6
1855,457,304,4,6
1856,1013,1014,4,6
1857,1015,332,5,6
1858,269,110,4,6
1859,327,7,0,6
1860,7,327,5,6
1861,6,7,5,6
1862,6,7,0,6
1863,7,6,5,6
1864,387,151,4,6
1865,421,70,5,6
1866,1016,1017,5,6
1867,1016,1017,6,6
1868,1018,1018,9,6
1869,1018,1018,6,6
1870,1019,643,5,6
1871,643,1019,2,6
1872,1020,69,12,6
1873,1020,69,1,6
1874,1021,357,1,6
1875,546,1022,5,6
1876,282,111,5,6
1877,682,1023,0,6
1878,1024,1025,0,6
1879,1026,311,6,6
1880,300,219,4,6
1881,107,108,4,6
1882,145,12,4,6
1883,676,791,3,6
1884,1027,1028,5,6
1885,1028,1027,5,6
1886,8,14,2,6
1887,457,676,3,6
1888,873,112,4,6
1889,1029,282,0,6
1890,111,488,2,6
1891,663,664,2,6
1892,663,664,8,6
1893,402,311,9,6
1894,1030,669,8,6
1895,20,331,0,6
1896,575,669,12,6
1897,30,441,2,6
1898,5,523,5,6
1899,1031,376,5,6
1900,1032,1033,0,6
1901,575,669,7,6
1902,669,575,7,6
1903,1034,1035,2,6
1904,7,39,0,6
1905,304,584,0,6
1906,54,8,0,6
1907,1036,854,4,6
1908,457,303,3,6
1909,8,11,3,6
1910,1037,1038,4,6
1911,1039,675,9,6
1912,1039,675,2,6
1913,75,1040,4,6
1914,99,86,3,6
1915,741,435,5,6
1916,145,12,3,6
1917,497,263,4,6
1918,1023,1041,3,6
1919,1042,482,6,6
1920,1042,482,9,6
1921,1043,14,5,6
1922,1044,1045,12,6
1923,545,601,12,6
1924,282,1029,0,6
1925,245,5,4,6
1926,427,428,1,6
1927,8,21,2,6
1928,7,247,5,6
1929,88,7,5,6
1930,158,120,0,6
1931,1038,1046,0,6
1932,980,529,0,6
1933,731,732,2,6
1934,1047,259,0,6
1935,650,355,5,6
1936,107,497,3,6
1937,25,24,4,6
1938,41,1048,6,6
1939,448,529,4,6
1940,434,283,2,6
1941,434,283,6,6
1942,2,266,5,6
1943,266,2,5,6
1944,1049,1050,5,6
1945,1051,1052,2,6
1946,1053,1054,12,6
1947,8,109,6,6
1948,1055,2,5,6
1949,15,2,5,6
1950,111,208,2,6
1951,3,2,0,6
1952,167,166,0,6
1953,498,101,0,6
1954,101,498,0,6
1955,1056,1057,0,6
1956,1058,773,0,6
1957,1059,253,9,6
1958,733,1060,4,6
1959,360,91,3,6
1960,1061,714,7,6
1961,108,407,5,6
1962,3,282,5,6
1963,120,282,0,6
1964,166,282,10,6
1965,7,85,2,6
1966,111,488,6,6
1967,1062,282,6,6
1968,8,1063,2,6
1969,8,1063,4,6
1970,759,1064,0,6
1971,167,1065,4,6
1972,2,1066,6,6
1973,1066,2,5,6
1974,1067,363,9,6
1975,1068,283,6,6
1976,1069,250,10,6
1977,1,1070,0,6
1978,1071,1072,1,6
1979,1073,7,9,6
1980,1073,7,10,6
1981,1074,1007,2,6
1982,224,418,0,6
1983,1075,695,5,7
1984,1073,7,9,7
1985,113,700,3,7
1986,12,13,3,7
1987,8,11,3,7
1988,219,218,3,7
1989,1076,1077,4,7
1990,434,30,2,7
1991,268,497,2,7
1992,682,990,4,7
1993,7,8,3,7
1994,636,8,5,7
1995,636,8,6,7
1996,185,309,12,7
1997,7,8,0,7
1998,1078,65,9,7
1999,327,7,0,7
2000,1065,523,9,7
2001,1065,523,7,7
2002,3,2,0,7
2003,1079,1080,6,7
2004,8,636,5,7
2005,113,112,3,7
2006,2,26,5,7
2007,2,63,6,7
2008,218,219,3,7
2009,107,1081,4,7
2010,8,109,4,7
2011,1082,1083,4,7
2012,12,145,4,7
2013,240,61,5,7
2014,107,268,4,7
2015,190,197,6,7
2016,1084,1085,3,7
2017,669,1086,5,7
2018,1087,81,5,7
2019,2,157,6,7
2020,157,2,6,7
2021,1088,8,5,7
2022,930,191,5,7
2023,930,191,9,7
2024,292,1089,8,7
2025,292,1089,11,7
2026,292,1089,7,7
2027,1089,292,10,7
2028,208,111,9,7
2029,625,1090,2,7
2030,7,11,2,7
2031,46,11,2,7
2032,30,7,2,7
2033,1089,292,2,7
2034,1060,733,4,7
2035,11,8,4,7
2036,1091,8,6,7
2037,11,91,4,7
2038,489,101,4,7
2039,176,175,4,7
2040,1023,1092,3,7
2041,1093,881,5,7
2042,1094,722,2,7
2043,663,664,2,7
2044,664,663,2,7
2045,784,1095,5,7
2046,108,407,2,7
2047,7,8,2,7
2048,190,197,5,7
2049,197,190,2,7
2050,1,287,2,7
2051,11,823,2,7
2052,237,1096,4,7
2053,51,109,3,7
2054,457,303,4,7
2055,11,308,3,7
2056,1097,1098,2,7
2057,1099,70,5,7
2058,250,176,2,7
2059,111,272,2,7
2060,436,247,4,7
2061,865,340,9,7
2062,865,340,14,7
2063,865,340,2,7
2064,721,111,2,7
2065,721,111,9,7
2066,282,1100,0,7
2067,1101,516,5,7
2068,372,1102,6,7
2069,624,17,5,7
2070,400,454,2,7
2071,282,1100,2,7
2072,1103,1104,2,7
2073,1105,846,2,7
2074,467,208,5,7
2075,86,448,2,7
2076,1106,1107,2,7
2077,345,1108,3,7
2078,298,218,3,7
2079,1109,845,3,7
2080,109,8,3,7
2081,1110,1111,4,7
2082,844,208,15,7
2083,1112,109,6,7
2084,1112,109,2,7
2085,1021,86,12,7
2086,985,984,2,7
2087,1113,675,5,7
2088,1113,675,2,7
2089,675,1113,6,7
2090,449,69,2,7
2091,449,69,0,7
2092,625,632,0,7
2093,440,280,5,7
2094,30,217,9,7
2095,30,217,0,7
2096,30,217,2,7
2097,1074,1007,2,7
2098,7,65,2,7
2099,7,14,2,7
2100,866,219,0,7
2101,1114,1111,2,7
2102,2,3,0,7
2103,1115,292,2,7
2104,393,340,0,7
2105,1116,823,2,7
2106,1117,1118,2,7
2107,1119,1120,2,7
2108,405,1121,2,7
2109,191,901,5,7
2110,217,151,8,7
2111,405,1121,0,7
2112,109,8,4,7
2113,1122,8,6,7
2114,1123,1124,4,7
2115,8,11,4,7
2116,666,7,6,7
2117,1125,1064,1,7
2118,85,9,4,7
2119,7,120,13,7
2120,111,158,2,7
2121,372,1102,2,7
2122,957,25,2,7
2123,45,109,5,7
2124,1126,1127,12,7
2125,888,889,2,7
2126,1128,1129,2,7
2127,1128,1129,10,7
2128,1130,1131,2,7
2129,30,1,2,7
2130,529,1132,3,7
2131,197,919,5,7
2132,7,1133,2,7
2133,11,219,3,7
2134,438,1134,4,7
2135,15,239,5,7
2136,239,15,5,7
2137,1135,366,2,7
2138,1136,1137,15,7
2139,7,88,5,7
2140,164,975,2,7
2141,664,663,10,7
2142,1135,366,8,7
2143,476,208,2,7
2144,1047,796,6,7
2145,990,135,2,7
2146,1138,704,2,7
2147,695,649,9,7
2148,706,1037,4,7
2149,763,526,2,7
2150,1139,1140,2,7
2151,600,255,2,7
2152,600,255,15,7
2153,379,304,2,7
2154,277,366,0,7
2155,30,355,2,7
2156,354,210,5,7
2157,8,308,3,7
2158,699,327,2,7
2159,85,296,4,7
2160,980,1141,4,7
2161,1094,722,6,7
2162,722,1094,2,7
2163,445,1095,2,7
2164,30,54,2,7
2165,8,1142,2,7
2166,330,7,2,7
2167,1143,1094,2,7
2168,30,8,2,7
2169,120,716,2,7
2170,428,361,3,7
2171,1144,980,2,7
2172,1145,298,4,7
2173,457,303,3,7
2174,1146,716,2,7
2175,7,247,5,7
2176,793,8,5,7
2177,1147,273,2,7
2178,38,255,2,7
2179,38,255,5,7
2180,930,1148,2,7
2181,1149,359,2,7
2182,1150,352,2,7
2183,1151,158,2,7
2184,1152,656,6,7
2185,1153,1154,2,7
2186,8,282,1,7
2187,1155,316,3,7
2188,1156,1157,2,7
2189,20,1158,2,7
2190,1159,411,2,7
2191,1160,1161,2,7
2192,1162,191,5,7
2193,25,242,3,7
2194,1159,403,2,7
2195,108,497,3,7
2196,661,678,2,7
2197,460,1163,4,7
2198,475,555,9,7
2199,1164,1165,2,7
2200,190,1166,5,7
2201,190,197,2,7
2202,1167,217,2,7
2203,1168,46,2,7
2204,366,158,0,7
2205,1169,279,5,7
2206,282,253,2,7
2207,282,253,0,7
2208,1170,1171,4,7
2209,1172,1173,4,7
2210,30,283,2,7
2211,1174,1175,2,7
2212,30,1,2,8
2213,109,8,2,8
2214,109,8,0,8
2215,1176,1177,0,8
2216,107,497,4,8
2217,845,1077,3,8
2218,218,219,4,8
2219,258,1178,2,8
2220,258,1178,1,8
2221,308,11,4,8
2222,7,85,4,8
2223,282,253,0,8
2224,208,111,2,8
2225,220,221,9,8
2226,220,221,2,8
2227,220,221,6,8
2228,86,99,5,8
2229,86,99,2,8
2230,7,224,2,8
2231,1179,1180,2,8
2232,1160,1181,4,8
2233,1182,449,2,8
2234,393,14,2,8
2235,217,366,2,8
2236,366,217,2,8
2237,880,1181,4,8
2238,1183,2,2,8
2239,747,145,4,8
2240,11,8,4,8
2241,11,24,4,8
2242,208,442,5,8
2243,208,442,2,8
2244,266,460,4,8
2245,151,387,3,8
2246,1184,1018,2,8
2247,1006,1005,12,8
2248,1184,1018,6,8
2249,372,1102,2,8
2250,200,282,2,8
2251,200,282,13,8
2252,1185,1186,2,8
2253,1089,292,2,8
2254,675,518,2,8
2255,675,518,5,8
2256,1187,268,2,8
2257,177,518,5,8
2258,1188,7,2,8
2259,95,451,4,8
2260,442,111,5,8
2261,661,678,2,8
2262,85,7,2,8
2263,330,336,2,8
2264,8,109,4,8
2265,518,177,5,8
2266,670,661,0,8
2267,476,111,4,8
2268,11,308,3,8
2269,8,1189,5,8
2270,312,1190,4,8
2271,282,1191,5,8
2272,1192,1193,4,8
2273,108,107,3,8
2274,431,1194,3,8
2275,882,881,4,8
2276,1195,104,5,8
2277,92,93,2,8
2278,1196,331,2,8
2279,217,313,5,8
2280,1136,1137,2,8
2281,217,313,2,8
2282,296,401,2,8
2283,111,208,2,8
2284,1197,467,5,8
2285,1198,1199,2,8
2286,1199,1198,2,8
2287,393,340,3,8
2288,738,644,5,8
2289,1200,327,2,8
2290,135,379,2,8
2291,135,379,13,8
2292,111,208,5,8
2293,208,111,5,8
2294,8,109,3,8
2295,25,242,3,8
2296,12,13,4,8
2297,809,1144,4,8
2298,99,166,4,8
2299,705,30,2,8
2300,266,146,4,8
2301,195,714,4,8
2302,51,109,4,8
2303,225,675,5,8
2304,225,675,14,8
2305,675,225,5,8
2306,1201,70,6,8
2307,231,151,0,8
2308,58,273,1,8
2309,58,273,2,8
2310,1202,7,2,8
2311,1203,338,4,8
2312,13,145,4,8
2313,1204,1205,3,8
2314,208,3,2,8
2315,208,3,5,8
2316,303,304,4,8
2317,457,303,4,8
2318,69,1158,2,8
2319,796,111,5,8
2320,2,266,5,8
2321,7,1206,2,8
2322,1206,7,2,8
2323,822,449,2,8
2324,771,449,2,8
2325,771,449,10,8
2326,701,1207,12,8
2327,1208,1209,2,8
2328,701,1207,2,8
2329,43,665,5,8
2330,51,14,2,8
2331,158,98,0,8
2332,158,98,2,8
2333,1210,1211,9,8
2334,1212,637,2,8
2335,19,99,2,8
2336,497,263,0,8
2337,393,340,0,8
2338,340,393,2,8
2339,8,327,2,8
2340,8,327,5,8
2341,131,7,2,8
2342,7,88,2,8
2343,1206,7,6,8
2344,197,190,2,8
2345,273,1213,0,8
2346,193,1214,0,8
2347,675,177,2,8
2348,292,193,2,8
2349,7,131,2,8
2350,1215,65,2,8
2351,108,268,3,8
2352,299,219,4,8
2353,25,91,4,8
2354,349,198,4,8
2355,11,8,3,8
2356,1216,1217,2,8
2357,25,1218,4,8
2358,1081,107,3,8
2359,845,1109,3,8
2360,25,29,2,8
2361,11,269,3,8
2362,1219,1220,6,8
2363,1219,1220,2,8
2364,951,1183,10,8
2365,1221,109,6,8
2366,1221,109,2,8
2367,379,20,0,8
2368,1011,1222,5,8
2369,1011,1222,2,8
2370,1223,1224,2,8
2371,1225,65,5,8
2372,1224,1223,2,8
2373,30,250,2,8
2374,1224,1223,0,8
2375,8,51,4,8
2376,1226,1227,2,8
2377,785,275,4,8
2378,327,78,2,8
2379,229,1228,2,8
2380,327,78,5,8
2381,786,80,5,8
2382,1229,266,5,8
2383,3,15,5,8
2384,1230,951,4,8
2385,7,8,2,8
2386,1231,8,2,8
2387,1231,8,6,8
2388,683,1232,5,8
2389,683,1232,2,8
2390,1233,1234,2,8
2391,1233,1234,5,8
2392,366,98,2,8
2393,80,29,2,8
2394,1235,243,0,8
2395,30,740,2,8
2396,1235,243,2,8
2397,7,58,2,8
2398,1236,1237,2,8
2399,1238,1239,4,8
2400,1051,1052,2,8
2401,8,11,4,8
2402,88,317,4,8
2403,298,219,4,8
2404,10,85,4,8
2405,1240,1241,2,8
2406,8,298,2,8
2407,298,8,2,8
2408,298,300,4,8
2409,881,1214,2,8
2410,1242,30,2,8
2411,1037,604,4,8
2412,1243,1230,4,8
2413,1029,282,2,8
2414,1148,195,12,8
2415,1244,327,0,8
2416,1244,327,6,8
2417,1245,65,9,8
2418,1245,65,2,8
2419,773,355,2,8
2420,355,69,2,8
2421,69,355,2,8
2422,911,7,2,8
2423,911,7,5,8
2424,1246,364,2,8
2425,1246,569,2,8
2426,569,1246,2,8
2427,735,692,2,8
2428,77,600,16,8
2429,77,600,2,8
2430,1042,1247,4,8
2431,1248,911,2,8
2432,1248,911,0,8
2433,30,217,2,8
2434,165,164,2,8
2435,30,52,2,8
2436,835,10,4,8
2437,208,844,2,8
2438,845,1249,4,8
2439,85,1250,2,8
2440,442,674,9,8
2441,442,674,2,8
2442,296,52,2,8
2443,1251,460,4,8
2444,1081,107,4,8
2445,376,126,4,8
2446,30,829,2,8
2447,342,809,4,8
2448,401,465,2,8
2449,1252,3,5,8
2450,3,1252,5,8
2451,176,308,4,8
2452,298,299,4,8
2453,1253,8,2,8
2454,112,675,5,8
2455,1254,1255,5,8
2456,296,645,2,8
2457,1256,1257,2,8
2458,1105,1213,10,8
2459,1105,1213,8,8
2460,328,1258,5,8
2461,46,53,2,8
2462,8,51,3,8
2463,63,503,5,8
2464,85,774,2,8
2465,98,282,2,8
2466,98,282,0,8
2467,218,219,3,8
2468,191,218,2,8
2469,191,218,6,8
2470,308,176,3,8
2471,12,747,4,8
2472,308,303,3,8
2473,1259,425,5,8
2474,195,477,3,8
2475,443,34,3,8
2476,7,376,4,8
2477,1260,569,5,8
2478,14,7,5,8
2479,14,7,2,8
2480,1261,1257,2,8
2481,1261,1257,11,8
2482,1262,20,2,8
2483,283,282,2,8
2484,283,282,5,8
2485,1263,649,2,8
2486,1264,282,5,8
2487,774,649,2,8
2488,39,482,2,8
2489,1265,893,2,8
2490,1266,66,2,8
2491,1266,66,5,8
2492,296,85,0,8
2493,70,5,2,8
2494,636,317,2,8
2495,7,8,0,8
2496,900,7,2,8
2497,900,7,5,8
2498,1267,7,6,8
2499,1267,7,5,8
2500,1267,7,2,8
2501,1235,1268,11,8
2502,1235,1269,11,8
2503,1235,1269,2,8
2504,1235,1269,9,8
2505,98,722,2,8
2506,393,340,0,9
2507,92,93,2,9
2508,120,158,2,9
2509,393,340,2,9
2510,282,98,2,9
2511,1270,1271,2,9
2512,340,393,2,9
2513,1271,1270,2,9
2514,1267,7,6,9
2515,176,175,4,9
2516,300,298,4,9
2517,443,34,4,9
2518,1160,1272,4,9
2519,283,1196,2,9
2520,175,195,4,9
2521,282,1196,2,9
2522,253,1196,2,9
2523,747,12,4,9
2524,442,465,2,9
2525,465,442,2,9
2526,97,1196,2,9
2527,360,91,4,9
2528,432,1196,2,9
2529,1273,1274,4,9
2530,443,195,4,9
2531,457,304,4,9
2532,722,1196,6,9
2533,277,1196,2,9
2534,1275,110,5,9
2535,704,1230,4,9
2536,1230,704,4,9
2537,634,1196,2,9
2538,1276,1277,12,9
2539,529,1278,2,9
2540,282,253,2,9
2541,1279,1277,2,9
2542,1279,1277,12,9
2543,1224,1280,2,9
2544,11,605,0,9
2545,11,605,2,9
2546,379,2,2,9
2547,1267,7,2,9
2548,1267,7,5,9
2549,12,13,3,9
2550,109,51,3,9
2551,51,109,3,9
2552,893,61,2,9
2553,86,1196,2,9
2554,24,242,3,9
2555,1281,1282,4,9
2556,1152,656,5,9
2557,8,308,3,9
2558,1283,1284,2,9
2559,1283,1284,5,9
2560,1073,7,6,9
2561,1230,1281,4,9
2562,1285,109,6,9
2563,1250,379,2,9
2564,380,1286,2,9
2565,39,379,10,9
2566,7,258,15,9
2567,377,238,2,9
2568,1287,1288,9,9
2569,400,454,0,9
2570,400,454,2,9
2571,336,866,2,9
2572,336,866,10,9
2573,1289,866,2,9
2574,1290,649,15,9
2575,1290,649,2,9
2576,478,477,10,9
2577,478,477,2,9
2578,307,1059,4,9
2579,841,863,4,9
2580,478,477,15,9
2581,1291,649,10,9
2582,1291,649,2,9
2583,1292,1160,2,9
2584,1293,1294,5,9
2585,320,266,2,9
2586,282,699,2,9
2587,774,1263,2,9
2588,637,1295,2,9
2589,1296,1297,2,9
2590,863,307,4,9
2591,1200,1037,2,9
2592,61,1037,2,9
2593,1298,281,4,9
2594,1299,830,4,9
2595,436,797,3,9
2596,693,1300,4,9
2597,920,1301,2,9
2598,70,426,5,9
2599,457,303,4,9
2600,519,1302,4,9
2601,497,107,3,9
2602,580,890,2,9
2603,268,497,3,9
2604,268,132,3,9
2605,132,1303,2,9
2606,46,899,2,9
2607,1304,70,6,9
2608,545,601,12,9
2609,367,219,5,9
2610,432,699,0,9
2611,341,1305,2,9
2612,1306,54,2,9
2613,1307,3,6,9
2614,1308,1309,2,9
2615,86,371,0,9
2616,341,1310,2,9
2617,273,379,2,9
2618,1311,303,4,9
2619,268,31,4,9
2620,1312,510,3,9
2621,699,1196,2,9
2622,218,300,4,9
2623,303,855,4,9
2624,219,367,2,9
2625,219,367,5,9
2626,526,1196,2,9
2627,206,1196,2,9
2628,544,1196,2,9
2629,21,247,3,9
2630,2,131,2,9
2631,667,883,4,9
2632,1313,1314,2,9
2633,1315,1316,2,9
2634,1317,1311,4,9
2635,664,663,2,9
2636,1230,1315,4,9
2637,1318,768,2,9
2638,420,210,5,9
2639,33,34,2,9
2640,33,34,5,9
2641,231,151,0,9
2642,1319,98,12,9
2643,1320,79,2,9
2644,1320,79,5,9
2645,182,759,2,9
2646,881,293,2,9
2647,977,1321,5,9
2648,85,201,0,9
2649,268,132,4,9
2650,1322,824,2,9
2651,1108,64,4,9
2652,25,242,4,9
2653,342,1144,3,9
2654,300,299,4,9
2655,91,360,4,9
2656,1315,1193,2,9
2657,7,272,2,9
2658,120,1196,2,9
2659,131,65,2,9
2660,971,1196,2,9
2661,8,11,3,9
2662,442,608,9,9
2663,1323,1324,2,9
2664,1323,1324,9,9
2665,984,1196,2,9
2666,243,686,2,9
2667,243,686,5,9
2668,704,1325,4,9
2669,176,175,3,9
2670,1230,1108,4,9
2671,1112,109,15,9
2672,1112,109,2,9
2673,1028,1326,12,9
2674,1028,1326,2,9
2675,1193,1281,2,9
2676,1005,253,2,9
2677,1261,1257,2,9
2678,202,7,5,9
2679,485,571,2,9
2680,336,70,6,9
2681,498,1327,2,9
2682,1328,1329,2,9
2683,457,268,2,9
2684,400,901,2,9
2685,1330,7,5,9
2686,177,1328,2,9
2687,190,197,2,9
2688,220,109,2,9
2689,298,6,2,9
2690,30,296,2,9
2691,14,217,2,9
2692,1331,85,2,9
2693,1331,85,8,9
2694,1332,75,4,9
2695,1333,1315,2,9
2696,716,775,2,9
2697,5,1334,2,9
2698,1230,1335,4,9
2699,1336,856,3,9
2700,219,218,3,9
2701,11,8,3,9
2702,443,34,3,9
2703,967,210,5,9
2704,967,210,2,9
2705,1171,1317,4,9
2706,296,1337,2,9
2707,7,224,3,9
2708,11,219,3,9
2709,175,176,3,9
2710,1338,1339,5,9
2711,1338,1339,2,9
2712,1212,637,2,9
2713,1212,637,1,9
2714,7,313,2,9
2715,135,351,2,9
2716,7,20,2,9
2717,1327,403,2,9
2718,1327,403,5,9
2719,1184,1018,2,9
2720,1184,1018,6,9
2721,110,1340,8,9
2722,110,1340,2,9
2723,1341,82,2,9
2724,2,15,2,9
2725,127,275,2,9
2726,1342,1042,2,9
2727,1342,1042,8,9
2728,1343,400,2,9
2729,275,127,2,9
2730,275,127,5,9
2731,1344,1345,2,9
2732,912,30,2,9
2733,912,30,15,9
2734,1042,1342,10,9
2735,1042,1342,2,9
2736,30,2,2,9
2737,1193,1346,3,9
2738,1141,1037,4,9
2739,1077,358,4,9
2740,1347,8,6,9
2741,1347,8,5,9
2742,515,1333,8,9
2743,1060,1348,4,9
2744,109,8,3,9
2745,158,432,8,9
2746,1317,1349,4,9
2747,187,434,2,9
2748,298,300,4,9
2749,1050,1108,4,9
2750,1350,69,2,9
2751,1351,54,4,9
2752,1352,3,6,9
2753,357,1353,4,9
2754,1352,3,2,9
2755,1182,324,2,9
2756,7,637,2,9
2757,1146,120,5,9
2758,1354,383,5,9
2759,644,1313,14,9
2760,195,1355,8,9
2761,1356,1323,2,9
2762,1356,1323,11,9
2763,263,1255,2,9
2764,1355,195,2,9
2765,1355,195,15,9
2766,1357,26,5,9
2767,442,614,5,9
2768,2,156,2,9
2769,156,2,2,9
2770,568,1358,2,9
2771,1355,195,10,9
2772,7,393,2,9
2773,678,661,2,9
2774,678,661,4,9
2775,1359,1360,2,9
2776,1189,668,0,9
2777,94,180,2,9
2778,968,1361,2,9
2779,963,716,3,9
2780,8,109,4,9
2781,515,1333,2,9
2782,11,8,4,9
2783,1362,1363,4,9
2784,1364,1062,2,9
2785,1334,1365,2,9
2786,1225,1141,4,9
2787,716,1108,3,9
2788,299,300,3,9
2789,1002,1217,4,9
2790,8,355,4,9
2791,832,116,4,9
2792,442,496,2,9
2793,624,379,2,9
2794,7,250,2,9
2795,1345,1366,15,9
2796,1345,1366,2,9
2797,250,971,2,9
2798,250,971,0,9
2799,29,25,2,9
2800,1367,1368,2,9
2801,842,683,2,9
2802,1367,1368,6,9
2803,1369,1188,13,9
2804,258,995,5,9
2805,29,92,2,9
2806,1370,1371,2,9
2807,751,1372,2,9
2808,1373,647,2,9
2809,654,1228,2,9
2810,515,1315,8,9
2811,1270,1331,2,9
2812,25,24,4,9
2813,8,308,4,9
2814,1305,604,2,9
2815,175,308,4,9
2816,1373,647,0,9
2817,893,960,4,9
2818,300,1374,4,9
2819,354,210,5,9
2820,354,210,2,9
2821,1260,1375,2,9
2822,1376,1377,4,9
2823,1378,83,4,9
2824,686,6,2,9
2825,1379,1015,12,9
2826,780,15,6,9
2827,250,1193,2,9
2828,774,673,2,9
2829,1349,763,2,9
2830,1349,763,5,9
2831,763,1349,6,9
2832,1380,327,2,9
2833,1341,251,5,9
2834,1015,1379,2,9
2835,1296,1297,0,9
2836,1380,327,6,9
2837,829,1011,0,9
2838,911,1381,2,9
2839,911,1381,6,9
2840,1111,1114,0,9
2841,1382,120,6,9
2842,1382,120,2,9
2843,1315,675,2,9
2844,880,775,2,9
2845,1383,1384,4,9
2846,308,176,4,9
2847,50,403,3,9
2848,1075,1385,2,9
2849,7,8,3,9
2850,1386,975,6,9
2851,1387,1388,2,9
2852,88,7,5,9
2853,1241,268,5,9
2854,88,7,2,9
2855,214,373,3,9
2856,1389,544,6,9
2857,1389,544,2,9
2858,282,158,0,9
2859,641,118,5,9
2860,641,118,2,9
2861,265,219,6,9
2862,148,1390,2,9
2863,1390,148,5,9
2864,1391,282,2,9
2865,1126,109,6,9
2866,1126,109,2,9
2867,1392,304,2,9
2868,1392,304,6,9
2869,1284,1393,5,9
2870,1284,1393,2,9
2871,1284,1393,9,9
2872,887,673,5,9
2873,166,607,5,9
2874,166,607,2,9
2875,442,158,2,9
2876,442,600,2,9
2877,7,85,2,9
2878,9,1394,0,9
2879,9,1394,2,9
2880,3,296,5,9
2881,607,120,2,9
2882,600,442,2,9
2883,1395,111,5,9
2884,172,25,2,9
2885,334,1002,2,9
2886,440,439,2,9
2887,11,7,13,9
2888,723,922,2,9
2889,442,911,2,10
2890,7,911,2,10
2891,217,1396,2,10
2892,1397,1398,2,10
2893,334,1002,2,10
2894,58,30,2,10
2895,69,1399,2,10
2896,1315,1257,4,10
2897,36,1400,0,10
2898,1270,1271,2,10
2899,1270,1271,0,10
2900,434,1002,2,10
2901,30,11,2,10
2902,771,807,2,10
2903,7,355,2,10
2904,515,1401,2,10
2905,88,7,5,10
2906,1402,275,4,10
2907,1403,1404,4,10
2908,945,190,5,10
2909,1405,402,2,10
2910,1406,1322,2,10
2911,237,1407,4,10
2912,124,716,3,10
2913,1408,1409,4,10
2914,866,6,2,10
2915,1285,109,6,10
2916,1111,30,2,10
2917,482,39,10,10
2918,482,39,2,10
2919,1403,1410,4,10
2920,541,111,2,10
2921,774,649,12,10
2922,552,271,2,10
2923,231,151,0,10
2924,2,15,2,10
2925,732,7,2,10
2926,732,7,5,10
2927,342,182,3,10
2928,342,182,2,10
2929,740,1411,0,10
2930,740,1411,2,10
2931,194,714,0,10
2932,383,1183,2,10
2933,780,898,5,10
2934,85,292,2,10
2935,300,299,3,10
2936,1315,1108,3,10
2937,1275,110,5,10
2938,303,457,3,10
2939,354,21,4,10
2940,108,497,3,10
2941,214,418,5,10
2942,882,881,4,10
2943,1036,863,4,10
2944,299,300,3,10
2945,1412,1413,0,10
2946,1414,210,6,10
2947,3,774,2,10
2948,1241,268,5,10
2949,1408,345,4,10
2950,177,1415,5,10
2951,1416,1417,5,10
2952,730,823,2,10
2953,7,30,2,10
2954,372,1102,5,10
2955,372,1102,2,10
2956,1418,1418,2,10
2957,1417,1416,5,10
2958,190,197,2,10
2959,190,197,9,10
2960,1419,403,9,10
2961,1420,683,2,10
2962,1254,1421,5,10
2963,1422,442,15,10
2964,1422,442,2,10
2965,465,442,5,10
2966,465,442,2,10
2967,568,454,2,10
2968,46,401,2,10
2969,30,806,2,10
2970,1423,1424,2,10
2971,327,109,0,10
2972,74,208,5,10
2973,21,393,2,10
2974,1425,1426,3,10
2975,1427,1428,2,10
2976,108,407,2,10
2977,469,1429,2,10
2978,107,497,3,10
2979,1430,1334,2,10
2980,1431,636,8,10
2981,53,1432,2,10
2982,882,881,3,10
2983,85,1223,2,10
2984,498,1327,2,10
2985,7,8,2,10
2986,1402,1160,4,10
2987,978,380,2,10
2988,1433,111,5,10
2989,1433,111,2,10
2990,991,210,5,10
2991,85,7,3,10
2992,1140,866,2,10
2993,1140,866,5,10
2994,1377,1,2,10
2995,1160,1434,2,10
2996,662,625,6,10
2997,662,625,2,10
2998,1435,128,2,10
2999,1435,128,9,10
3000,705,30,2,10
3001,1436,1437,9,10
3002,393,208,5,10
3003,1438,1439,2,10
3004,1440,219,5,10
3005,357,403,2,10
3006,111,1183,2,10
3007,1097,772,0,10
3008,158,8,2,10
3009,1441,1442,4,10
3010,300,299,4,10
3011,176,175,4,10
3012,247,353,3,10
3013,11,308,3,10
3014,172,72,0,10
3015,1443,1444,0,10
3016,1445,379,2,10
3017,1446,1447,4,10
3018,1341,1098,2,10
3019,366,357,2,10
3020,678,670,2,10
3021,678,670,4,10
3022,220,221,9,10
3023,568,208,5,10
3024,1448,1449,5,10
3025,1160,135,2,10
3026,85,7,2,10
3027,30,773,2,10
3028,109,8,4,10
3029,268,50,4,10
3030,341,52,2,10
3031,175,176,4,10
3032,282,83,2,10
3033,864,8,5,10
3034,21,419,2,10
3035,7,1450,9,10
3036,515,355,2,10
3037,320,757,0,10
3038,1224,1280,4,10
3039,891,1093,5,10
3040,625,1090,2,10
3041,7,8,0,10
3042,1451,950,3,10
3043,1452,1424,4,10
3044,537,1160,4,10
3045,1267,1453,4,10
3046,1160,217,2,10
3047,1052,1051,13,10
3048,1052,1051,2,10
3049,1052,1051,15,10
3050,1031,97,1,10
3051,1031,97,2,10
3052,716,669,2,10
3053,716,669,12,10
3054,695,1075,2,10
3055,214,448,8,10
3056,1454,1455,2,10
3057,219,6,12,10
3058,697,698,2,10
3059,1453,998,8,10
3060,1453,998,2,10
3061,30,1,5,10
3062,1456,1457,4,10
3063,355,515,2,10
3064,355,515,0,10
3065,1458,1459,2,10
3066,1460,1461,2,10
3067,46,95,2,10
3068,19,379,0,10
3069,1224,1294,4,10
3070,15,219,4,10
3071,1462,210,6,10
3072,1462,210,2,10
3073,58,1463,5,10
3074,353,1464,2,10
3075,166,99,2,10
3076,1224,1454,2,10
3077,497,31,3,10
3078,266,354,2,10
3079,539,1323,4,10
3080,1465,1466,2,10
3081,11,8,3,10
3082,279,7,3,10
3083,132,268,3,10
3084,1467,1468,2,10
3085,175,219,3,10
3086,218,219,3,10
3087,1469,1470,4,10
3088,8,208,2,10
3089,1308,1040,6,10
3090,476,111,5,10
3091,476,111,2,10
3092,1471,1465,2,10
3093,1471,1465,12,10
3094,1472,1473,2,10
3095,1472,1473,1,10
3096,1474,1475,3,10
3097,904,363,2,10
3098,1202,1476,2,10
3099,503,282,5,10
3100,1477,110,2,10
3101,1275,110,2,10
3102,432,158,0,10
3103,69,30,2,10
3104,1121,1037,2,10
3105,30,8,2,10
3106,1478,1479,2,10
3107,109,8,3,10
3108,258,449,2,10
3109,1224,1294,3,10
3110,1430,536,2,10
3111,704,25,3,10
3112,25,426,3,10
3113,1480,208,6,10
3114,1480,208,2,10
3115,111,110,2,10
3116,163,103,4,10
3117,253,432,0,10
3118,489,973,3,10
3119,1481,1482,4,10
3120,529,1483,4,10
3121,1484,910,2,10
3122,2,3,5,10
3123,1485,1006,5,10
3124,411,410,2,10
3125,410,411,2,10
3126,52,296,0,10
3127,52,296,2,10
3128,1486,446,2,10
3129,773,1058,2,10
3130,1,30,5,10
3131,30,85,2,10
3132,69,46,2,10
3133,266,787,2,10
3134,176,175,3,10
3135,1487,354,2,10
3136,1488,683,2,10
3137,1489,1490,5,10
3138,8,11,3,10
3139,58,732,2,10
3140,378,377,0,10
3141,1491,1492,5,10
3142,1492,1491,2,10
3143,85,773,2,10
3144,774,208,5,10
3145,304,303,3,10
3146,443,34,4,10
3147,218,191,4,10
3148,247,1493,4,10
3149,1482,1493,4,10
3150,1252,523,2,10
3151,355,773,2,10
3152,1494,292,2,10
3153,1494,292,0,10
3154,273,8,8,10
3155,279,1495,2,10
3156,1496,1497,2,10
3157,108,268,4,10
3158,80,1440,2,10
3159,449,217,2,10
3160,298,300,3,10
3161,308,176,4,10
3162,266,787,8,10
3163,308,8,4,10
3164,995,236,2,10
3165,50,268,3,10
3166,420,101,4,10
3167,1150,1498,2,10
3168,111,476,2,10
3169,111,476,4,10
3170,747,1499,2,10
3171,79,80,5,10
3172,1500,111,2,10
3173,79,80,2,10
3174,1260,400,11,10
3175,1501,1502,2,10
3176,1260,400,2,10
3177,1503,2,5,10
3178,1113,7,2,10
3179,1113,7,5,10
3180,1504,101,5,10
3181,1504,101,2,10
3182,1505,649,2,10
3183,1506,523,2,10
3184,292,448,2,10
3185,76,1507,0,10
3186,258,1178,2,10
3187,296,52,3,10
3188,1508,530,0,10
3189,11,1440,2,10
3190,282,30,2,10
3191,8,7,2,10
3192,167,371,0,10
3193,167,371,2,10
3194,1457,1452,2,11
3195,1509,1510,2,11
3196,69,1511,2,11
3197,95,46,2,11
3198,148,3,2,11
3199,2,148,2,11
3200,46,95,2,11
3201,497,108,4,11
3202,108,497,4,11
3203,1487,354,2,11
3204,1453,275,4,11
3205,787,529,2,11
3206,15,2,2,11
3207,308,175,4,11
3208,351,217,2,11
3209,881,99,2,11
3210,1361,1512,5,11
3211,1513,1015,4,11
3212,308,8,4,11
3213,8,11,4,11
3214,109,214,2,11
3215,1294,1224,4,11
3216,1377,1257,4,11
3217,86,1514,11,11
3218,1515,30,2,11
3219,1282,258,4,11
3220,1,30,5,11
3221,2,148,6,11
3222,1516,65,10,11
3223,40,203,5,11
3224,577,65,11,11
3225,577,65,2,11
3226,250,401,2,11
3227,1516,65,2,11
3228,716,143,2,11
3229,1147,1517,2,11
3230,474,112,0,11
3231,474,112,2,11
3232,869,39,5,11
3233,39,869,5,11
3234,1057,1518,0,11
3235,247,7,2,11
3236,1517,1147,2,11
3237,109,8,3,11
3238,1002,1323,3,11
3239,175,176,4,11
3240,1519,1520,2,11
3241,25,242,4,11
3242,7,45,2,11
3243,25,91,4,11
3244,1234,1521,4,11
3245,838,1522,0,11
3246,838,1522,2,11
3247,1160,431,4,11
3248,8,11,3,11
3249,675,704,3,11
3250,108,407,2,11
3251,82,1100,2,11
3252,15,3,5,11
3253,7,637,2,11
3254,465,442,5,11
3255,864,1523,2,11
3256,1524,2,5,11
3257,1525,208,6,11
3258,1526,159,2,11
3259,159,1526,2,11
3260,1517,1147,3,11
3261,69,8,2,11
3262,8,69,2,11
3263,1527,1394,3,11
3264,351,70,2,11
3265,1160,510,0,11
3266,1160,510,2,11
3267,46,351,2,11
3268,1079,247,2,11
3269,402,247,2,11
3270,823,58,2,11
3271,51,8,4,11
3272,58,52,8,11
3273,1528,636,2,11
3274,175,308,4,11
3275,1529,1515,2,11
3276,30,902,2,11
3277,978,912,2,11
3278,158,85,2,11
3279,236,148,2,11
3280,236,148,5,11
3281,7,8,13,11
3282,1530,1531,4,11
3283,1532,1169,0,11
3284,813,65,11,11
3285,813,65,5,11
3286,39,126,2,11
3287,695,596,5,11
3288,695,596,2,11
3289,1533,946,2,11
3290,69,402,2,11
3291,380,206,2,11
3292,120,282,0,11
3293,1534,191,2,11
3294,1535,1536,2,11
3295,593,398,2,11
3296,978,250,2,11
3297,349,1487,2,11
3298,452,206,4,11
3299,299,300,3,11
3300,881,8,3,11
3301,1073,7,2,11
3302,1537,1538,0,11
3303,85,296,3,11
3304,781,434,3,11
3305,1539,986,4,11
3306,1160,1422,4,11
3307,408,1540,5,11
3308,1540,408,5,11
3309,408,1540,2,11
3310,652,1028,5,11
3311,614,443,5,11
3312,614,443,2,11
3313,1131,675,2,11
3314,695,63,5,11
3315,1372,1541,8,11
3316,98,364,2,11
3317,798,1542,2,11
3318,1543,19,2,11
3319,25,110,3,11
3320,176,308,4,11
3321,30,98,2,11
3322,510,1544,4,11
3323,1311,349,3,11
3324,30,510,2,11
3325,43,665,5,11
3326,665,43,5,11
3327,8,51,4,11
3328,38,255,11,11
3329,38,255,2,11
3330,1545,442,9,11
3331,25,497,2,11
3332,1463,1546,2,11
3333,1463,1546,5,11
3334,1547,29,2,11
3335,1548,1549,2,11
3336,1515,95,2,11
3337,1096,282,2,11
3338,510,30,2,11
3339,30,7,2,11
3340,1550,443,5,11
3341,1320,79,2,11
3342,1320,79,5,11
3343,1100,206,0,11
3344,7,134,2,11
3345,704,1235,2,11
3346,1235,704,2,11
3347,1235,704,11,11
3348,2,274,5,11
3349,1551,1101,5,11
3350,1552,8,2,11
3351,92,93,2,11
3352,2,3,0,11
3353,110,245,2,11
3354,1553,1554,0,11
3355,571,287,2,11
3356,1555,1512,2,11
3357,1556,1515,2,11
3358,1515,1557,2,11
3359,449,158,2,11
3360,1558,1559,4,11
3361,497,403,4,11
3362,30,1520,2,11
3363,1520,30,2,11
3364,12,145,3,11
3365,712,191,5,11
3366,712,191,6,11
3367,1160,1539,4,11
3368,1560,30,2,11
3369,1561,1031,12,11
3370,393,418,2,11
3371,1452,497,4,11
3372,1562,1558,2,11
3373,1293,1294,2,11
3374,247,353,5,11
3375,1563,868,2,11
3376,1564,191,2,11
3377,711,1564,12,11
3378,1241,1565,4,11
3379,250,7,2,11
3380,485,381,3,11
3381,8,308,4,11
3382,1566,282,5,11
3383,1160,1567,3,11
3384,1559,1558,4,11
3385,303,304,4,11
3386,379,46,2,11
3387,415,1568,2,11
3388,1569,8,5,11
3389,868,485,2,11
3390,364,363,5,11
3391,759,292,2,11
3392,1563,868,1,11
3393,868,1563,9,11
3394,1029,722,2,11
3395,236,816,2,11
3396,7,1245,2,11
3397,7,1245,0,11
3398,304,303,4,11
3399,1570,10,3,11
3400,1442,1278,4,11
3401,1424,840,4,11
3402,85,1571,2,11
3403,349,1572,2,11
3404,126,1528,2,11
3405,1528,1168,2,11
3406,7,39,2,11
3407,1573,1272,2,11
3408,273,53,2,11
3409,268,132,3,11
3410,268,108,2,11
3411,772,8,5,11
3412,1574,1160,6,11
3413,298,304,2,11
3414,344,1160,2,11
3415,351,324,0,11
3416,7,126,2,11
3417,30,593,2,11
3418,46,58,2,11
3419,1575,1024,4,11
3420,1576,1160,4,11
3421,200,110,4,11
3422,1577,1578,2,11
3423,158,7,2,11
3424,1452,1160,2,11
3425,110,308,4,11
3426,7,1579,5,11
3427,1169,1160,0,11
3428,1580,7,5,11
3429,1169,1160,2,11
3430,193,324,2,11
3431,7,250,2,11
3432,1160,449,2,11
3433,2,1581,2,11
3434,99,282,2,11
3435,1341,1582,2,11
3436,1354,43,5,11
3437,43,1354,5,11
3438,107,1583,2,11
3439,52,306,2,11
3440,30,258,0,11
3441,661,678,0,11
3442,206,1100,0,11
3443,46,837,2,11
3444,774,773,2,11
3445,293,842,2,11
3446,107,1583,4,11
3447,1583,107,4,11
3448,107,31,2,11
3449,1039,283,5,11
3450,258,380,5,11
3451,1583,107,2,11
3452,12,747,3,11
3453,231,151,0,11
3454,855,1087,4,11
3455,1087,855,4,11
3456,497,108,3,11
3457,193,379,2,11
3458,665,797,5,11
3459,1584,30,2,11
3460,1584,30,12,11
3461,1585,1267,5,11
3462,1586,1021,11,11
3463,1587,1588,2,11
3464,1589,1590,2,11
3465,151,231,0,11
3466,1094,722,1,11
3467,1591,52,2,11
3468,58,434,0,11
3469,26,11,5,11
3470,1592,1435,5,11
3471,85,7,2,11
3472,85,7,13,11
3473,132,12,2,11
3474,109,8,3,12
3475,349,1572,2,12
3476,1001,1593,4,12
3477,109,51,3,12
3478,25,242,3,12
3479,298,219,3,12
3480,107,132,2,12
3481,1594,191,2,12
3482,107,1081,3,12
3483,3,2,4,12
3484,26,11,5,12
3485,8,109,4,12
3486,1595,823,4,12
3487,1596,1597,2,12
3488,259,65,2,12
3489,217,20,0,12
3490,1141,1598,5,12
3491,85,7,13,12
3492,85,7,2,12
3493,7,85,13,12
3494,434,1599,2,12
3495,1600,866,14,12
3496,1582,1341,2,12
3497,11,21,2,12
3498,11,823,4,12
3499,52,85,0,12
3500,30,7,2,12
3501,30,1200,2,12
3502,99,166,3,12
3503,298,299,3,12
3504,1163,853,3,12
3505,443,34,3,12
3506,515,7,2,12
3507,8,308,3,12
3508,107,1294,3,12
3509,303,304,3,12
3510,208,111,2,12
3511,479,39,2,12
3512,479,39,6,12
3513,273,217,2,12
3514,1601,899,2,12
3515,7,99,2,12
3516,1356,1323,5,12
3517,1368,1602,2,12
3518,167,371,0,12
3519,30,1,2,12
3520,46,12,2,12
3521,797,513,4,12
3522,175,176,4,12
3523,489,34,4,12
3524,25,172,4,12
3525,714,9,2,12
3526,714,9,8,12
3527,30,379,4,12
3528,1603,1604,4,12
3529,1605,1606,2,12
3530,33,34,2,12
3531,107,1607,5,12
3532,1607,107,5,12
3533,46,425,2,12
3534,1608,1609,5,12
3535,823,7,2,12
3536,823,7,5,12
3537,1557,1610,0,12
3538,1557,1610,2,12
3539,111,8,2,12
3540,1611,65,5,12
3541,65,1395,2,12
3542,1611,65,2,12
3543,551,676,4,12
3544,175,308,3,12
3545,299,298,3,12
3546,1421,1612,3,12
3547,242,25,3,12
3548,340,393,2,12
3549,64,65,2,12
3550,1613,366,1,12
3551,1614,683,2,12
3552,785,968,5,12
3553,748,208,2,12
3554,526,239,0,12
3555,518,1113,0,12
3556,109,8,4,12
3557,109,8,0,12
3558,6,1125,5,12
3559,8,109,3,12
3560,1164,7,4,12
3561,781,58,4,12
3562,11,308,3,12
3563,8,11,3,12
3564,8,363,9,12
3565,393,8,2,12
3566,583,788,2,12
3567,1615,1616,4,12
3568,1224,1294,3,12
3569,714,195,5,12
3570,714,195,2,12
3571,1617,964,2,12
3572,1008,477,2,12
3573,1208,8,2,12
3574,43,7,2,12
3575,158,120,2,12
3576,7,43,2,12
3577,246,7,5,12
3578,1064,182,2,12
3579,1282,898,2,12
3580,43,7,0,12
3581,7,43,0,12
3582,43,7,6,12
3583,1618,8,15,12
3584,569,26,5,12
3585,569,26,2,12
3586,7,39,14,12
3587,7,39,2,12
3588,7,39,15,12
3589,1619,1160,2,12
3590,182,1317,2,12
3591,772,8,5,12
3592,158,263,2,12
3593,259,175,2,12
3594,722,158,2,12
3595,7,8,2,12
3596,1620,1621,2,12
3597,371,99,4,12
3598,303,304,4,12
3599,8,99,4,12
3600,110,200,4,12
3601,78,580,0,12
3602,1622,1623,2,12
3603,1624,111,5,12
3604,1624,111,2,12
3605,441,497,2,12
3606,1625,1626,2,12
3607,1625,1626,0,12
3608,342,1627,2,12
3609,111,208,5,12
3610,721,111,2,12
3611,1628,1245,5,12
3612,158,85,2,12
3613,342,1627,2,13
3614,387,151,2,13
3615,8,360,2,13
3616,30,1629,2,13
3617,8,109,4,13
3618,1630,1631,2,13
3619,476,111,2,13
3620,176,175,4,13
3621,7,65,2,13
3622,80,29,4,13
3623,917,1632,2,13
3624,8,11,3,13
3625,303,304,4,13
3626,2,3,4,13
3627,384,110,5,13
3628,14,8,0,13
3629,269,30,12,13
3630,99,351,2,13
3631,11,58,2,13
3632,34,1633,2,13
3633,1633,34,10,13
3634,1633,34,2,13
3635,566,248,2,13
3636,566,248,5,13
3637,401,8,2,13
3638,930,716,5,13
3639,233,1634,2,13
3640,1635,1031,16,13
3641,45,7,2,13
3642,45,7,0,13
3643,1633,34,4,13
3644,1636,1637,2,13
3645,877,1638,2,13
3646,132,50,3,13
3647,268,7,3,13
3648,7,268,3,13
3649,11,8,3,13
3650,7,65,15,13
3651,268,31,3,13
3652,663,352,4,13
3653,304,303,4,13
3654,2,3,0,13
3655,7,246,5,13
3656,384,110,2,13
3657,384,110,6,13
3658,190,197,2,13
3659,1091,498,5,13
3660,1091,498,2,13
3661,1016,498,5,13
3662,326,2,5,13
3663,120,253,4,13
3664,911,7,5,13
3665,190,210,0,13
3666,51,11,2,13
3667,1622,1623,2,13
3668,63,3,2,13
3669,268,50,3,13
3670,51,8,4,13
3671,1438,1015,3,13
3672,308,8,4,13
3673,299,298,4,13
3674,308,88,2,13
3675,853,460,4,13
3676,261,1307,4,13
3677,298,299,4,13
3678,307,841,4,13
3679,1639,603,2,13
3680,1639,603,5,13
3681,2,3,2,13
3682,1640,120,5,13
3683,561,70,2,13
3684,1515,1280,4,13
3685,256,195,2,13
3686,256,195,15,13
3687,714,256,2,13
3688,478,256,2,13
3689,1641,866,2,13
3690,1642,1643,2,13
3691,224,7,5,13
3692,258,1114,11,13
3693,210,441,4,13
3694,292,418,2,13
3695,855,892,3,13
3696,242,110,4,13
3697,110,242,4,13
3698,1644,1645,4,13
3699,50,7,3,13
3700,843,1546,4,13
3701,92,93,2,13
3702,477,195,4,13
3703,7,843,2,13
3704,195,256,15,13
3705,143,1646,2,13
3706,143,1646,5,13
3707,997,2,5,13
3708,190,197,5,13
3709,1267,1585,5,13
3710,1267,1585,2,13
3711,7,85,13,13
3712,14,182,12,13
3713,1647,655,2,13
3714,30,78,2,13
3715,78,1648,2,13
3716,417,1649,4,13
3717,1160,1177,3,13
3718,21,247,4,13
3719,268,107,3,13
3720,268,108,3,13
3721,1650,1562,2,13
3722,158,98,0,13
3723,99,86,4,13
3724,704,1325,4,13
3725,99,86,2,13
3726,1622,1623,4,13
3727,1213,1651,2,13
3728,22,253,6,13
3729,1331,1652,3,13
3730,22,253,2,13
3731,1653,1654,2,13
3732,1076,1655,3,13
3733,8,308,3,13
3734,219,175,3,13
3735,15,2,2,13
3736,1148,195,12,13
3737,108,722,2,13
3738,30,277,2,13
3739,30,277,5,13
3740,69,1656,12,13
3741,658,235,2,13
3742,658,235,6,13
3743,191,1594,9,13
3744,866,65,2,13
3745,210,1355,5,13
3746,1656,69,2,13
3747,1656,69,7,13
3748,1323,1599,2,13
3749,1594,191,2,13
3750,283,432,2,13
3751,584,303,2,13
3752,564,154,9,13
3753,8,51,2,13
3754,8,51,0,13
3755,70,15,0,13
3756,99,7,2,13
3757,1657,1658,5,13
3758,1659,1660,2,13
3759,1659,1660,0,13
3760,939,815,5,13
3761,815,939,6,13
3762,1661,331,2,13
3763,1661,331,1,13
3764,876,385,10,13
3765,876,385,2,13
3766,815,939,5,13
3767,120,1662,5,13
3768,401,175,2,13
3769,30,7,3,13
3770,30,7,2,13
3771,860,1232,0,13
3772,30,11,2,13
3773,380,1622,2,13
3774,217,869,2,13
3775,1663,1331,2,13
3776,50,654,2,13
3777,7,39,2,13
3778,7,39,0,13
3779,593,1664,13,13
3780,298,300,3,13
3781,134,339,2,13
3782,1665,400,2,13
3783,91,360,3,13
3784,1016,418,5,13
3785,1016,418,2,13
3786,442,608,2,13
3787,442,608,5,13
3788,279,393,2,13
3789,158,1666,5,13
3790,158,1666,6,13
3791,1667,327,10,13
3792,1667,327,15,13
3793,1667,327,2,13
3794,158,1666,2,13
3795,402,706,2,13
3796,109,360,2,13
3797,30,393,2,13
3798,1543,19,2,13
3799,303,304,3,13
3800,1644,1668,3,13
3801,25,242,3,13
3802,1430,1669,2,13
3803,281,70,5,13
3804,357,366,2,13
3805,2,881,2,13
3806,86,99,3,13
3807,194,714,2,13
3808,740,1411,2,13
3809,654,108,12,13
3810,110,269,3,13
3811,564,199,3,13
3812,209,979,5,13
3813,1670,78,5,13
3814,881,2,2,13
3815,1671,107,2,13
3816,1672,86,2,13
3817,604,66,2,13
3818,1673,268,2,13
3819,722,158,0,13
3820,431,139,4,13
3821,840,342,4,13
3822,1081,1674,2,13
3823,868,571,2,13
3824,966,1376,4,13
3825,111,208,5,13
3826,111,208,2,13
3827,348,1675,5,13
3828,348,1675,2,13
3829,1676,1677,2,13
3830,120,253,2,13
3831,309,185,2,13
3832,158,526,2,13
3833,985,1021,2,13
3834,1678,564,2,13
3835,666,7,2,13
3836,666,7,10,13
3837,1110,1679,2,13
3838,30,217,0,13
3839,30,19,0,13
3840,30,217,2,13
3841,11,8,4,13
3842,66,1680,2,13
3843,11,704,4,13
3844,86,166,3,13
3845,197,190,5,13
3846,1109,1076,3,13
3847,21,730,4,13
3848,816,1681,4,13
3849,11,25,4,13
3850,654,132,4,13
3851,30,1584,2,13
3852,833,65,2,13
3853,30,1584,8,13
3854,194,195,2,13
3855,1682,1683,2,13
3856,925,1684,5,13
3857,925,1684,2,13
3858,442,608,9,13
3859,1191,210,5,13
3860,210,1191,5,13
3861,1685,1686,4,13
3862,200,269,4,13
3863,676,564,4,13
3864,465,442,16,13
3865,442,465,9,13
3866,1687,1688,4,13
3867,1101,1551,5,13
3868,1601,1689,4,13
3869,551,966,4,13
3870,966,1438,2,13
3871,921,461,4,13
3872,716,313,5,13
3873,716,313,2,13
3874,1467,332,5,13
3875,1467,332,2,13
3876,353,168,5,13
3877,1160,217,2,13
3878,716,669,2,13
3879,316,108,0,13
3880,774,120,1,13
3881,1002,407,2,13
3882,7,292,2,13
3883,191,258,5,13
3884,108,407,2,13
3885,7,313,9,13
3886,1210,1211,2,13
3887,1072,1,2,13
3888,1690,552,2,13
3889,30,279,2,13
3890,7,313,5,13
3891,7,313,2,13
3892,7,313,14,13
3893,1160,279,4,13
3894,1235,1153,2,13
3895,1235,1153,11,13
3896,1153,1235,15,13
3897,920,7,2,13
3898,920,7,5,13
3899,1211,1210,5,13
3900,158,277,2,13
3901,158,277,2,14
3902,1691,1692,0,14
3903,1691,1692,2,14
3904,654,268,2,14
3905,1693,7,2,14
3906,1693,7,5,14
3907,240,171,2,14
3908,43,682,8,14
3909,43,682,2,14
3910,217,1694,2,14
3911,11,25,3,14
3912,644,330,2,14
3913,1541,1695,4,14
3914,7,50,3,14
3915,1696,15,4,14
3916,1541,1697,4,14
3917,1698,796,4,14
3918,870,1325,4,14
3919,1699,2,2,14
3920,1699,2,5,14
3921,11,8,3,14
3922,1666,158,5,14
3923,1666,722,5,14
3924,722,1666,5,14
3925,1700,1238,4,14
3926,2,3,4,14
3927,190,197,9,14
3928,354,869,2,14
3929,354,869,5,14
3930,354,869,6,14
3931,766,109,2,14
3932,1389,1686,4,14
3933,30,296,2,14
3934,1315,1162,2,14
3935,191,557,5,14
3936,796,497,3,14
3937,354,869,4,14
3938,8,308,3,14
3939,366,654,2,14
3940,1091,1515,2,14
3941,109,8,3,14
3942,30,111,2,14
3943,419,355,2,14
3944,1642,1643,2,14
3945,384,24,5,14
3946,12,145,3,14
3947,587,407,2,14
3948,190,197,2,14
3949,1327,1701,2,14
3950,120,97,0,14
3951,363,1396,9,14
3952,1541,1702,4,14
3953,366,98,0,14
3954,366,98,2,14
3955,1270,1271,0,14
3956,7,160,5,14
3957,733,840,4,14
3958,30,217,0,14
3959,8,109,4,14
3960,678,839,2,14
3961,304,303,3,14
3962,1703,1704,4,14
3963,747,12,4,14
3964,1665,607,2,14
3965,1705,30,2,14
3966,859,1706,2,14
3967,268,132,4,14
3968,245,54,2,14
3969,419,217,2,14
3970,1666,1235,15,14
3971,1666,1235,2,14
3972,1235,1666,2,14
3973,1666,1235,11,14
3974,1235,1666,11,14
3975,1089,292,2,14
3976,615,364,2,14
3977,615,364,5,14
3978,3,1055,2,14
3979,1055,3,2,14
3980,1707,1708,2,14
3981,1709,313,5,14
3982,30,366,2,14
3983,1148,195,12,14
3984,1625,1710,0,14
3985,1711,8,5,14
3986,1712,1385,2,14
3987,30,1,2,14
3988,971,30,2,14
3989,921,593,0,14
3990,46,1713,2,14
3991,19,217,2,14
3992,30,355,2,14
3993,193,17,2,14
3994,193,17,0,14
3995,1550,1714,2,14
3996,176,175,4,14
3997,21,823,2,14
3998,1425,1715,4,14
3999,11,24,3,14
4000,1707,1716,4,14
4001,111,476,4,14
4002,1717,1718,4,14
4003,1282,1719,5,14
4004,1605,1331,5,14
4005,190,282,5,14
4006,160,7,5,14
4007,1720,1721,2,14
4008,1722,8,6,14
